run-pipeline-gpu-9fg4g-4198045470,task,PROJECT_13,ns-16904409679649498,TEAM_1,2023-11-08 12:15:00+00:00,2023-12-16 00:45:00+00:00,4,37 days 12:30:00,5,97.46977348695178,A100,y
run-pipeline-gpu-8g5pb-2879794351,task,PROJECT_13,ns-16904409679649498,,2023-11-08 12:15:00+00:00,2023-11-22 02:15:00+00:00,8,13 days 14:00:00,5,93.87823765337424,A100,y
run-pipeline-gpu-qr2fk-3879037461,task,PROJECT_5,ns-1690440796148727,,2023-11-08 12:15:00+00:00,2023-11-13 00:15:00+00:00,1,4 days 12:00:00,4,67.79900092592588,A100,y
run-pipeline-gpu-8z2pg-3801962406,task,PROJECT_1,ns-16904458533318198,TEAM_2,2023-11-08 12:15:00+00:00,2023-11-09 09:15:00+00:00,2,0 days 21:00:00,5,95.25975119047618,A30,y
run-pipeline-gpu-x8kqd-3503434973,task,PROJECT_13,ns-16904409679649498,TEAM_1,2023-11-08 12:15:00+00:00,2024-01-03 04:00:00+00:00,2,55 days 15:45:00,5,98.85726932,A100,n
run-pipeline-gpu-cqgld-154854302,task,PROJECT_17,ns-16904374776309414,TEAM_3,2023-11-08 12:15:00+00:00,2023-11-09 00:45:00+00:00,1,0 days 12:30:00,1,7.908286000000004,A100,n
run-pipeline-gpu-q692j-3150263403,task,PROJECT_17,ns-16904374776309414,TEAM_3,2023-11-08 12:15:00+00:00,2023-11-10 02:30:00+00:00,1,1 days 14:15:00,1,0,A100,n
run-pipeline-gpu-fcthj-1525357944,task,PROJECT_5,ns-1690440796148727,,2023-11-08 12:15:00+00:00,2023-11-24 08:00:00+00:00,1,15 days 19:45:00,5,88.80132817643192,A100,n
run-pipeline-gpu-gjvg9-1789996226,task,PROJECT_7,ns-16904458681476984,TEAM_1,2023-11-08 12:15:00+00:00,2023-11-16 06:00:00+00:00,4,7 days 17:45:00,5,95.71397497,A100,y
run-pipeline-gpu-6gscd-4052565872,task,PROJECT_13,ns-16904409679649498,TEAM_1,2023-11-08 12:15:00+00:00,2023-11-14 05:45:00+00:00,2,5 days 17:30:00,3,50.15734327272728,A100,y
run-pipeline-gpu-5k6vd-106796021,task,PROJECT_13,ns-16904409679649498,TEAM_1,2023-11-08 12:15:00+00:00,2023-11-14 05:45:00+00:00,2,5 days 17:30:00,2,22.13909018181822,A100,y
run-pipeline-gpu-brrw5-2583146811,task,PROJECT_11,ns-1682430413891001,,2023-11-08 12:15:00+00:00,2024-01-04 23:45:00+00:00,4,57 days 11:30:00,4,77.50942949,A100,y
run-pipeline-gpu-qgdht-488548089,task,PROJECT_5,ns-1690440796148727,,2023-11-08 12:15:00+00:00,2023-11-23 15:45:00+00:00,1,15 days 03:30:00,5,87.06974552957378,A100,n
run-pipeline-gpu-dzqlw-1162961189,task,PROJECT_5,ns-1690440796148727,TEAM_2,2023-11-08 12:15:00+00:00,2023-11-14 02:30:00+00:00,1,5 days 14:15:00,4,76.03600651769088,A100,y
run-pipeline-gpu-hbv98-3605332206,task,PROJECT_10,ns-16971081797966623,,2023-11-08 12:15:00+00:00,2024-02-07 15:00:00+00:00,8,91 days 02:45:00,5,98.71720899737034,A100,n
run-pipeline-gpu-tdn9x-3826168464,task,PROJECT_17,ns-16904374776309414,TEAM_3,2023-11-08 12:15:00+00:00,2024-01-05 08:00:00+00:00,1,57 days 19:45:00,3,53.06604226265558,A100,y
run-pipeline-gpu-249fz-1917604606,task,PROJECT_13,ns-16904409679649498,TEAM_1,2023-11-08 12:15:00+00:00,2023-11-11 07:15:00+00:00,1,2 days 19:00:00,4,74.40807798507463,A100,n
run-pipeline-gpu-m46vh-3517775556,task,PROJECT_13,ns-16904409679649498,TEAM_1,2023-11-08 12:15:00+00:00,2023-11-16 08:15:00+00:00,1,7 days 20:00:00,4,75.40088736702134,A100,y
run-pipeline-gpu-kb27t-3379495359,task,PROJECT_17,ns-16904374776309414,,2023-11-09 07:30:00+00:00,2023-11-12 16:45:00+00:00,1,3 days 09:15:00,4,68.49939107692305,A100,n
run-pipeline-gpu-vxk4g-2272960119,task,PROJECT_17,ns-16904374776309414,,2023-11-09 07:30:00+00:00,2023-11-11 19:45:00+00:00,1,2 days 12:15:00,4,69.37933692946059,A100,y
run-pipeline-gpu-mzxmw-1728086594,task,PROJECT_17,ns-16904374776309414,TEAM_3,2023-11-09 07:30:00+00:00,2023-11-10 03:45:00+00:00,1,0 days 20:15:00,4,70.84213703703708,A100,n
run-pipeline-gpu-fnld8-991320353,task,PROJECT_17,ns-16904374776309414,,2023-11-09 07:30:00+00:00,2023-11-11 01:30:00+00:00,1,1 days 18:00:00,4,67.42975059523809,A100,y
run-pipeline-gpu-dwdpk-1858045587,task,PROJECT_1,ns-16904458533318198,TEAM_2,2023-11-10 01:00:00+00:00,2023-11-10 01:15:00+00:00,4,0 days 00:15:00,1,0,A30,n
run-pipeline-gpu-2zm9z-2928502513,task,PROJECT_17,ns-16904374776309414,TEAM_3,2023-11-10 02:15:00+00:00,2023-11-10 02:45:00+00:00,1,0 days 00:30:00,1,0,A30,y
run-pipeline-gpu-sbk8h-2282085431,task,PROJECT_13,ns-16904409679649498,TEAM_1,2023-11-11 07:00:00+00:00,2023-11-11 07:15:00+00:00,1,0 days 00:15:00,1,0,A100,n
run-pipeline-gpu-n8z87-2676103458,task,PROJECT_13,ns-16904409679649498,TEAM_1,2023-11-11 07:00:00+00:00,2023-11-11 07:45:00+00:00,1,0 days 00:45:00,1,0,A100,y
run-pipeline-gpu-t7dvb-3880253144,task,PROJECT_13,ns-16904409679649498,TEAM_1,2023-11-11 07:00:00+00:00,2023-11-11 07:15:00+00:00,1,0 days 00:15:00,1,0,A100,n
run-pipeline-gpu-5rxcj-280418497,task,PROJECT_13,ns-16904409679649498,TEAM_1,2023-11-11 07:45:00+00:00,2023-11-20 08:15:00+00:00,1,9 days 00:30:00,4,75.83887563510379,A100,n
run-pipeline-gpu-vj5n4-2599679878,task,PROJECT_13,ns-16904409679649498,TEAM_1,2023-11-11 08:00:00+00:00,2023-11-17 22:15:00+00:00,1,6 days 14:15:00,4,74.48067361769358,A100,y
run-pipeline-gpu-t8f9p-304554660,task,PROJECT_17,ns-16904374776309414,TEAM_3,2023-11-11 12:00:00+00:00,2023-11-11 13:15:00+00:00,1,0 days 01:15:00,1,0,A100,n
run-pipeline-gpu-fsvst-120632241,task,PROJECT_17,ns-16904374776309414,TEAM_3,2023-11-11 13:15:00+00:00,2023-11-12 04:45:00+00:00,1,0 days 15:30:00,1,0,A100,y
run-pipeline-gpu-b7drh-3444738588,task,PROJECT_17,ns-16904374776309414,TEAM_3,2023-11-12 04:30:00+00:00,2023-11-12 04:45:00+00:00,1,0 days 00:15:00,1,0,A100,y
run-pipeline-gpu-b7kcj-3614906754,task,PROJECT_1,ns-16904458533318198,TEAM_2,2023-11-13 02:15:00+00:00,2023-11-13 05:45:00+00:00,2,0 days 03:30:00,5,100,A100,y
run-pipeline-gpu-cwpcn-377226272,task,PROJECT_17,ns-16904374776309414,TEAM_3,2023-11-13 02:15:00+00:00,2023-11-15 03:00:00+00:00,1,2 days 00:45:00,3,48.15248153846154,A100,y
run-pipeline-gpu-ff44j-3079852243,task,PROJECT_1,ns-16904458533318198,,2023-11-13 05:45:00+00:00,2023-11-13 06:30:00+00:00,1,0 days 00:45:00,1,0,A100,n
run-pipeline-gpu-jk789-511130492,task,PROJECT_1,ns-16904458533318198,,2023-11-13 06:30:00+00:00,2023-11-14 00:30:00+00:00,1,0 days 18:00:00,1,0,A100,n
run-pipeline-gpu-pzqs7-1201351252,task,PROJECT_4,ns-16904413105821052,TEAM_4,2023-11-13 06:30:00+00:00,2023-11-15 03:30:00+00:00,1,1 days 21:00:00,1,0.5572149999999995,A30,n
run-pipeline-gpu-2g9n4-268950333,task,PROJECT_1,ns-16904458533318198,TEAM_2,2023-11-14 01:45:00+00:00,2023-11-14 05:30:00+00:00,2,0 days 03:45:00,1,0.1735333333333333,A100,n
run-pipeline-gpu-sq4js-4215513372,task,PROJECT_13,ns-16904409679649498,TEAM_1,2023-11-14 05:45:00+00:00,2023-11-15 06:45:00+00:00,1,1 days 01:00:00,2,29.639472,A100,y
run-pipeline-gpu-xnpsz-830121636,task,PROJECT_13,ns-16904409679649498,TEAM_1,2023-11-14 05:45:00+00:00,2023-12-20 23:45:00+00:00,2,36 days 18:00:00,2,34.49949019274378,A100,y
run-pipeline-gpu-lq5c6-4242495716,task,PROJECT_13,ns-16904409679649498,TEAM_1,2023-11-14 06:00:00+00:00,2023-11-27 15:30:00+00:00,2,13 days 09:30:00,4,79.28603934681178,A100,y
run-pipeline-gpu-hlx6w-1170047220,task,PROJECT_1,ns-16904458533318198,TEAM_2,2023-11-15 01:45:00+00:00,2023-11-15 08:00:00+00:00,1,0 days 06:15:00,1,0,A30,y
run-pipeline-gpu-lwm5h-203195454,task,PROJECT_1,ns-16904458533318198,TEAM_2,2023-11-15 05:30:00+00:00,2023-11-22 05:00:00+00:00,2,6 days 23:30:00,5,96.45448388059698,A100,n
run-pipeline-gpu-rm2rv-1167110538,task,PROJECT_13,ns-16904409679649498,TEAM_1,2023-11-16 01:00:00+00:00,2023-11-21 02:00:00+00:00,2,5 days 01:00:00,3,45.68188057851241,A30,y
run-pipeline-gpu-w4475-3615018934,task,PROJECT_13,ns-16904409679649498,TEAM_1,2023-11-16 02:00:00+00:00,2023-11-17 00:15:00+00:00,2,0 days 22:15:00,3,48.38950225,A30,n
run-pipeline-gpu-6pclb-2524450674,task,PROJECT_13,ns-16904409679649498,TEAM_1,2023-11-16 09:15:00+00:00,2023-11-17 04:30:00+00:00,1,0 days 19:15:00,4,65.75052597402602,A100,y
run-pipeline-gpu-qmx54-2022652188,task,PROJECT_13,ns-16904409679649498,TEAM_1,2023-11-17 00:15:00+00:00,2023-11-18 10:45:00+00:00,2,1 days 10:30:00,2,31.79245072463769,A30,n
run-pipeline-gpu-6ql2z-47053424,task,PROJECT_13,ns-16904409679649498,TEAM_1,2023-11-17 04:30:00+00:00,2023-11-18 05:30:00+00:00,2,1 days 01:00:00,5,88.84465900000004,A100,y
run-pipeline-gpu-tz82p-1112139773,task,PROJECT_13,ns-16904409679649498,TEAM_1,2023-11-17 08:00:00+00:00,2023-11-29 23:15:00+00:00,1,12 days 15:15:00,5,80.98754064303374,A100,n
run-pipeline-gpu-4nkqq-346609950,task,PROJECT_13,ns-16904409679649498,TEAM_1,2023-11-18 10:45:00+00:00,2023-11-22 21:30:00+00:00,2,4 days 10:45:00,3,49.95098103044496,A30,y
run-pipeline-gpu-lf7vc-27533901,task,PROJECT_2,ns-16909377696061704,TEAM_1,2023-11-19 06:15:00+00:00,2024-01-03 19:00:00+00:00,4,45 days 12:45:00,5,80.61975326012343,A100,n
run-pipeline-gpu-99pnm-2110579444,task,PROJECT_13,ns-16904409679649498,TEAM_1,2023-11-20 01:15:00+00:00,2023-11-22 08:00:00+00:00,2,2 days 06:45:00,4,61.76040821917809,A100,y
run-pipeline-gpu-cxq25-2788092908,task,PROJECT_17,ns-16904374776309414,TEAM_3,2023-11-20 06:15:00+00:00,2023-11-20 18:30:00+00:00,1,0 days 12:15:00,5,98.23517346938772,A100,n
run-pipeline-gpu-4vp9q-2824256533,task,PROJECT_13,ns-16904409679649498,TEAM_1,2023-11-20 11:00:00+00:00,2023-11-21 07:15:00+00:00,1,0 days 20:15:00,5,97.18334691,A100,y
run-pipeline-gpu-4pbf4-2042923357,task,PROJECT_17,ns-16904374776309414,TEAM_3,2023-11-21 01:45:00+00:00,2023-11-22 07:00:00+00:00,2,1 days 05:15:00,1,0.9373641025641029,A30,n
run-pipeline-gpu-hdxcg-3799891687,task,PROJECT_17,ns-16904374776309414,TEAM_3,2023-11-21 01:45:00+00:00,2023-11-21 05:00:00+00:00,1,0 days 03:15:00,4,71.98893846153847,A30,y
run-pipeline-gpu-p57rk-1836437728,task,PROJECT_13,ns-16904409679649498,TEAM_1,2023-11-21 02:00:00+00:00,2023-12-12 06:00:00+00:00,1,21 days 04:00:00,3,54.16691594488183,A30,n
run-pipeline-gpu-986dx-1821147938,task,PROJECT_17,ns-16904374776309414,TEAM_3,2023-11-21 04:00:00+00:00,2023-11-27 02:00:00+00:00,1,5 days 22:00:00,3,46.23225827464791,A100,n
run-pipeline-gpu-pkn5k-2293202526,task,PROJECT_17,ns-16904374776309414,TEAM_3,2023-11-21 07:00:00+00:00,2023-11-21 07:15:00+00:00,2,0 days 00:15:00,1,0,A30,y
run-pipeline-gpu-nxw68-2238497002,task,PROJECT_13,ns-16904409679649498,TEAM_1,2023-11-21 08:15:00+00:00,2023-11-21 11:15:00+00:00,4,0 days 03:00:00,5,98.18592499999998,A30,n
run-pipeline-gpu-mbjlq-2199334477,task,PROJECT_17,ns-16904374776309414,TEAM_3,2023-11-21 08:30:00+00:00,2023-11-22 02:15:00+00:00,2,0 days 17:45:00,4,79.49801126760563,A30,y
run-pipeline-gpu-46rld-602076289,task,PROJECT_13,ns-16904409679649498,TEAM_1,2023-11-21 23:30:00+00:00,2023-11-22 02:00:00+00:00,2,0 days 02:30:00,5,97.15401,A30,y
run-pipeline-gpu-46s9c-67508572,task,PROJECT_13,ns-16904409679649498,TEAM_1,2023-11-22 01:30:00+00:00,2023-11-22 08:00:00+00:00,1,0 days 06:30:00,2,23.666215384615377,A100,y
run-pipeline-gpu-5brzp-577411358,task,PROJECT_13,ns-16904409679649498,TEAM_1,2023-11-22 01:45:00+00:00,2023-12-11 08:00:00+00:00,4,19 days 06:15:00,5,95.50504321,A100,y
run-pipeline-gpu-6tgb8-2521588706,task,PROJECT_13,ns-16904409679649498,,2023-11-22 02:15:00+00:00,2023-12-11 08:00:00+00:00,1,19 days 05:45:00,5,95.58256951813726,A100,n
run-pipeline-gpu-mcfj5-3790648592,task,PROJECT_13,ns-16904409679649498,TEAM_1,2023-11-22 05:00:00+00:00,2023-11-25 05:15:00+00:00,3,3 days 00:15:00,5,96.70283495,A30,y
run-pipeline-gpu-htrtb-3514714329,task,PROJECT_13,ns-16904409679649498,TEAM_1,2023-11-22 08:00:00+00:00,2023-11-25 05:15:00+00:00,1,2 days 21:15:00,4,72.12037400722024,A100,n
run-pipeline-gpu-q8vbq-2566611081,task,PROJECT_13,ns-16904409679649498,TEAM_1,2023-11-22 08:00:00+00:00,2023-11-22 08:30:00+00:00,1,0 days 00:30:00,1,0,A100,y
run-pipeline-gpu-7kdt4-947760339,task,PROJECT_13,ns-16904409679649498,TEAM_1,2023-11-22 08:00:00+00:00,2023-11-23 08:15:00+00:00,1,1 days 00:15:00,4,74.26258247422683,A100,n
run-pipeline-gpu-d4g2l-1314559116,task,PROJECT_13,ns-16904409679649498,TEAM_1,2023-11-22 08:30:00+00:00,2023-11-22 09:30:00+00:00,1,0 days 01:00:00,5,96.8216,A100,y
run-pipeline-gpu-9pkrt-881083773,task,PROJECT_13,ns-16904409679649498,TEAM_1,2023-11-22 08:45:00+00:00,2023-11-22 16:00:00+00:00,1,0 days 07:15:00,4,75.43938620689656,A100,n
run-pipeline-gpu-dt55x-1628821327,task,PROJECT_13,ns-16904409679649498,TEAM_1,2023-11-22 08:45:00+00:00,2023-11-26 21:00:00+00:00,1,4 days 12:15:00,4,75.69248383,A100,y
run-pipeline-gpu-mbfp8-2125459996,task,PROJECT_2,ns-16909377696061704,TEAM_1,2023-11-22 09:00:00+00:00,2023-11-25 05:15:00+00:00,3,2 days 20:15:00,4,74.17994212,A100,n
run-pipeline-gpu-sm76l-3164891348,task,PROJECT_13,ns-16904409679649498,TEAM_1,2023-11-22 09:30:00+00:00,2023-12-01 06:30:00+00:00,1,8 days 21:00:00,4,73.00023450704208,A100,y
run-pipeline-gpu-z4hc6-3142920312,task,PROJECT_13,ns-16904409679649498,TEAM_1,2023-11-22 12:30:00+00:00,2023-11-25 02:45:00+00:00,2,2 days 14:15:00,5,99.09868394,A30,n
run-pipeline-gpu-zwfd5-1679737841,task,PROJECT_13,ns-16904409679649498,TEAM_1,2023-11-22 21:30:00+00:00,2023-11-25 02:45:00+00:00,2,2 days 05:15:00,1,14.27892347,A30,y
run-pipeline-gpu-5q9nj-652192610,task,PROJECT_13,ns-16904409679649498,TEAM_1,2023-11-22 21:30:00+00:00,2023-11-24 01:45:00+00:00,2,1 days 04:15:00,1,6.548392035398234,A30,n
run-pipeline-gpu-8th7f-3514670650,task,PROJECT_2,ns-16909377696061704,TEAM_1,2023-11-22 22:15:00+00:00,2024-01-03 18:45:00+00:00,1,41 days 20:30:00,5,81.39063616,A100,y
run-pipeline-gpu-lj484-3628558047,task,PROJECT_13,ns-16904409679649498,TEAM_1,2023-11-23 00:00:00+00:00,2023-11-29 15:45:00+00:00,1,6 days 15:45:00,5,80.25230062597802,A100,n
run-pipeline-gpu-4q4ks-962390192,task,PROJECT_13,ns-16904409679649498,TEAM_1,2023-11-23 02:15:00+00:00,2023-11-23 02:30:00+00:00,1,0 days 00:15:00,1,0,A30,n
run-pipeline-gpu-p6wm9-4237331130,task,PROJECT_13,ns-16904409679649498,TEAM_1,2023-11-23 04:15:00+00:00,2023-11-24 09:15:00+00:00,1,1 days 05:00:00,4,65.65402414,A30,y
run-pipeline-gpu-2cnh8-111822940,task,PROJECT_13,ns-16904409679649498,TEAM_1,2023-11-23 09:15:00+00:00,2023-11-24 09:15:00+00:00,1,1 days 00:00:00,3,54.17801041666668,A100,n
run-pipeline-gpu-hndcn-327083716,task,PROJECT_13,ns-16904409679649498,TEAM_1,2023-11-23 21:00:00+00:00,2023-11-29 12:30:00+00:00,1,5 days 15:30:00,5,92.04070258,A100,y
run-pipeline-gpu-9tzlh-1719621050,task,PROJECT_17,ns-16904374776309414,TEAM_3,2023-11-24 04:45:00+00:00,2023-12-05 07:30:00+00:00,1,11 days 02:45:00,2,28.77252239925024,A100,y
run-pipeline-gpu-x8wqj-3920677999,task,PROJECT_13,ns-16904409679649498,TEAM_1,2023-11-24 06:15:00+00:00,2023-12-01 01:15:00+00:00,2,6 days 19:00:00,3,53.88705644171776,A30,y
run-pipeline-gpu-flk62-1199582912,task,PROJECT_13,ns-16904409679649498,TEAM_1,2023-11-24 08:30:00+00:00,2023-11-24 09:30:00+00:00,1,0 days 01:00:00,1,0,A30,y
run-pipeline-gpu-5pv6q-1924182953,task,PROJECT_13,ns-16904409679649498,TEAM_1,2023-11-24 09:30:00+00:00,2023-11-30 00:15:00+00:00,2,5 days 14:45:00,2,33.249382560296894,A30,n
run-pipeline-gpu-cznws-151652140,task,PROJECT_17,ns-16904374776309414,TEAM_3,2023-11-24 09:30:00+00:00,2023-12-20 23:45:00+00:00,1,26 days 14:15:00,2,28.37292769291036,A100,n
run-pipeline-gpu-p9ggm-216987153,task,PROJECT_13,ns-16904409679649498,TEAM_1,2023-11-24 23:30:00+00:00,2023-12-01 00:00:00+00:00,1,6 days 00:30:00,2,31.27976851211076,A30,n
run-pipeline-gpu-5fx6d-1307008704,task,PROJECT_2,ns-16909377696061704,TEAM_1,2023-11-25 05:30:00+00:00,2023-12-17 03:00:00+00:00,4,21 days 21:30:00,5,82.30537392959089,A100,n
run-pipeline-gpu-mtrnc-461812747,task,PROJECT_13,ns-16904409679649498,TEAM_1,2023-11-25 07:30:00+00:00,2023-11-26 02:15:00+00:00,1,0 days 18:45:00,5,91.63226933333334,A30,y
run-pipeline-gpu-82jgn-3511824822,task,PROJECT_13,ns-16904409679649498,TEAM_1,2023-11-26 03:15:00+00:00,2023-11-26 03:30:00+00:00,1,0 days 00:15:00,2,22.7114,A100,y
run-pipeline-gpu-rvpms-439587089,task,PROJECT_4,ns-16904413105821052,,2023-11-26 14:15:00+00:00,2023-11-27 21:30:00+00:00,1,1 days 07:15:00,1,0,A30,y
run-pipeline-gpu-mngfc-883818940,task,PROJECT_13,ns-16904409679649498,TEAM_1,2023-11-26 23:30:00+00:00,2023-12-04 20:45:00+00:00,2,7 days 21:15:00,5,96.75775852047558,A100,y
run-pipeline-gpu-wzvmv-3471391159,task,PROJECT_17,ns-16904374776309414,TEAM_3,2023-11-27 03:15:00+00:00,2023-11-28 23:30:00+00:00,3,1 days 20:15:00,4,70.09724745762712,A30,n
run-pipeline-gpu-95q2c-2234484543,task,PROJECT_13,ns-16904409679649498,TEAM_1,2023-11-27 04:00:00+00:00,2023-12-05 11:30:00+00:00,2,8 days 07:30:00,5,99.33425251,A100,y
run-pipeline-gpu-cj2dp-922712330,task,PROJECT_1,ns-16904458533318198,,2023-11-27 06:45:00+00:00,2023-11-27 07:15:00+00:00,1,0 days 00:30:00,2,32.6173,A100,n
run-pipeline-gpu-7956g-818070845,task,PROJECT_1,ns-16904458533318198,,2023-11-27 07:15:00+00:00,2023-11-27 15:45:00+00:00,1,0 days 08:30:00,1,12.667158823529409,A100,y
run-pipeline-gpu-p468s-2343969592,task,PROJECT_17,ns-16904374776309414,TEAM_3,2023-11-27 15:45:00+00:00,2023-11-27 16:15:00+00:00,1,0 days 00:30:00,1,0,A100,n
run-pipeline-gpu-mcm5b-2476492573,task,PROJECT_17,ns-16904374776309414,TEAM_3,2023-11-27 16:15:00+00:00,2023-11-28 12:00:00+00:00,1,0 days 19:45:00,4,72.49528101265822,A100,n
run-pipeline-gpu-mtvlb-2351174112,task,PROJECT_17,ns-16904374776309414,TEAM_3,2023-11-27 23:30:00+00:00,2023-11-28 08:30:00+00:00,1,0 days 09:00:00,4,78.15760833333333,A100,n
run-pipeline-gpu-cqvdx-3691269499,task,PROJECT_1,ns-16904458533318198,,2023-11-28 01:00:00+00:00,2023-11-28 12:00:00+00:00,1,0 days 11:00:00,4,77.79573863636365,A100,n
run-pipeline-gpu-5rmzk-3152839422,task,PROJECT_13,ns-16904409679649498,TEAM_1,2023-11-28 09:30:00+00:00,2023-12-14 07:30:00+00:00,1,15 days 22:00:00,5,92.47701158376944,A100,n
run-pipeline-gpu-lclbx-3893803466,task,PROJECT_17,ns-16904374776309414,TEAM_3,2023-11-29 00:00:00+00:00,2023-11-29 00:15:00+00:00,1,0 days 00:15:00,5,96.5697,A100,y
run-pipeline-gpu-dcqsc-909328375,task,PROJECT_13,ns-16904409679649498,TEAM_1,2023-11-29 00:15:00+00:00,2023-12-10 23:45:00+00:00,1,11 days 23:30:00,3,53.10361295652175,A30,y
run-pipeline-gpu-mgcww-1090067804,task,PROJECT_17,ns-16904374776309414,TEAM_3,2023-11-29 05:30:00+00:00,2023-11-29 05:45:00+00:00,1,0 days 00:15:00,1,0,A100,y
run-pipeline-gpu-764zd-3791762826,task,PROJECT_13,ns-16904409679649498,TEAM_1,2023-11-29 05:45:00+00:00,2023-12-01 06:30:00+00:00,1,2 days 00:45:00,4,69.57614358974357,A100,y
run-pipeline-gpu-r5dvd-3857918682,task,PROJECT_17,ns-16904374776309414,TEAM_3,2023-11-29 23:15:00+00:00,2023-11-30 00:15:00+00:00,1,0 days 01:00:00,5,92.5783,A100,n
run-pipeline-gpu-d85l2-3063364838,task,PROJECT_17,ns-16904374776309414,,2023-11-30 00:30:00+00:00,2023-11-30 07:00:00+00:00,1,0 days 06:30:00,5,91.68747308,A100,y
run-pipeline-gpu-76vz4-4096852664,task,PROJECT_13,ns-16904409679649498,TEAM_1,2023-11-30 01:00:00+00:00,2023-12-04 01:15:00+00:00,2,4 days 00:15:00,3,55.060162077922016,A30,n
run-pipeline-gpu-kzhj4-3456783790,task,PROJECT_13,ns-16904409679649498,TEAM_1,2023-11-30 05:45:00+00:00,2023-12-03 22:00:00+00:00,2,3 days 16:15:00,5,82.56335467,A100,y
run-pipeline-gpu-df8n6-3960466275,task,PROJECT_13,ns-16904409679649498,TEAM_1,2023-11-30 06:30:00+00:00,2023-12-02 00:00:00+00:00,1,1 days 17:30:00,1,1.7142512048192764,A30,n
run-pipeline-gpu-qj97l-3470366462,task,PROJECT_13,ns-16904409679649498,TEAM_1,2023-11-30 07:30:00+00:00,2023-12-02 06:15:00+00:00,1,1 days 22:45:00,1,0.8758631016042792,A100,y
run-pipeline-gpu-2bswz-48392133,task,PROJECT_2,ns-16909377696061704,TEAM_1,2023-11-30 08:30:00+00:00,2023-12-17 03:00:00+00:00,3,16 days 18:30:00,5,82.80916236024831,A100,n
run-pipeline-gpu-fvrwg-3472182721,task,PROJECT_13,ns-16904409679649498,TEAM_1,2023-11-30 08:45:00+00:00,2023-12-04 00:15:00+00:00,2,3 days 15:30:00,1,0,A30,y
run-pipeline-gpu-6v8q5-424948519,task,PROJECT_13,ns-16904409679649498,TEAM_1,2023-12-01 01:15:00+00:00,2023-12-07 06:30:00+00:00,2,6 days 05:15:00,3,57.79706197654939,A30,n
run-pipeline-gpu-rbfz5-333215584,task,PROJECT_17,ns-16904374776309414,,2023-12-01 06:30:00+00:00,2023-12-01 07:00:00+00:00,1,0 days 00:30:00,1,0,A100,y
run-pipeline-gpu-cpthh-1789610334,task,PROJECT_1,ns-16904458533318198,TEAM_2,2023-12-02 12:00:00+00:00,2023-12-14 08:00:00+00:00,3,11 days 20:00:00,1,0,A100,n
run-pipeline-gpu-twzkn-2040448825,task,PROJECT_13,ns-16904409679649498,TEAM_1,2023-12-04 00:15:00+00:00,2023-12-09 00:30:00+00:00,2,5 days 00:15:00,1,0,A100,y
run-pipeline-gpu-zfggz-1842294677,task,PROJECT_13,ns-16904409679649498,TEAM_1,2023-12-04 01:00:00+00:00,2023-12-07 15:30:00+00:00,2,3 days 14:30:00,3,49.58440433526013,A30,n
run-pipeline-gpu-m2dbz-3270852346,task,PROJECT_13,ns-16904409679649498,TEAM_1,2023-12-04 04:30:00+00:00,2023-12-07 06:15:00+00:00,2,3 days 01:45:00,1,0,A30,y
run-pipeline-gpu-kszt7-3240447802,task,PROJECT_17,ns-16904374776309414,,2023-12-04 04:30:00+00:00,2023-12-04 08:15:00+00:00,1,0 days 03:45:00,2,21.805546666666665,A100,n
run-pipeline-gpu-59qgh-2221250367,task,PROJECT_17,ns-16904374776309414,TEAM_3,2023-12-04 08:30:00+00:00,2023-12-05 01:15:00+00:00,1,0 days 16:45:00,5,83.40266567164176,A100,n
run-pipeline-gpu-4tbc9-1774180843,task,PROJECT_13,ns-16904409679649498,TEAM_1,2023-12-04 23:45:00+00:00,2023-12-05 01:45:00+00:00,2,0 days 02:00:00,2,24.847087500000004,A100,y
run-pipeline-gpu-dlxcs-3750760639,task,PROJECT_17,ns-16904374776309414,TEAM_3,2023-12-05 01:15:00+00:00,2023-12-05 03:15:00+00:00,4,0 days 02:00:00,4,67.402875,A30,n
run-pipeline-gpu-t6dns-976891770,task,PROJECT_13,ns-16904409679649498,TEAM_1,2023-12-05 02:00:00+00:00,2023-12-05 03:30:00+00:00,2,0 days 01:30:00,1,0,A100,y
run-pipeline-gpu-z69vt-1590214906,task,PROJECT_17,ns-16904374776309414,TEAM_3,2023-12-05 03:30:00+00:00,2023-12-11 07:15:00+00:00,1,6 days 03:45:00,5,88.73320659898476,A30,y
run-pipeline-gpu-6kssc-4256735251,task,PROJECT_13,ns-16904409679649498,TEAM_1,2023-12-05 04:00:00+00:00,2023-12-05 10:00:00+00:00,2,0 days 06:00:00,5,89.89253333333335,A100,y
run-pipeline-gpu-qx4cf-3764207183,task,PROJECT_13,ns-16904409679649498,TEAM_1,2023-12-05 11:45:00+00:00,2024-01-05 08:00:00+00:00,1,30 days 20:15:00,5,99.60076771,A100,y
run-pipeline-gpu-kbfzg-471070835,task,PROJECT_13,ns-16904409679649498,TEAM_1,2023-12-05 12:30:00+00:00,2023-12-06 00:30:00+00:00,2,0 days 12:00:00,3,47.17260833333332,A100,n
run-pipeline-gpu-29bzk-2417305075,task,PROJECT_17,ns-16904374776309414,TEAM_3,2023-12-06 00:30:00+00:00,2023-12-06 00:45:00+00:00,4,0 days 00:15:00,1,0,A100,n
run-pipeline-gpu-mlzrx-1891767276,task,PROJECT_13,ns-16904409679649498,TEAM_1,2023-12-06 01:30:00+00:00,2023-12-20 01:45:00+00:00,1,14 days 00:15:00,5,89.92482892193277,A100,n
run-pipeline-gpu-9lw2b-2644898883,task,PROJECT_13,ns-16904409679649498,TEAM_1,2023-12-06 05:15:00+00:00,2023-12-20 01:45:00+00:00,2,13 days 20:30:00,5,93.07492774436103,A100,n
run-pipeline-gpu-pf4z8-1364262505,task,PROJECT_17,ns-16904374776309414,TEAM_3,2023-12-06 08:15:00+00:00,2023-12-08 12:30:00+00:00,1,2 days 04:15:00,4,77.11714019138749,A30,y
run-pipeline-gpu-h9lqb-2829638815,task,PROJECT_13,ns-16904409679649498,TEAM_1,2023-12-07 01:30:00+00:00,2023-12-13 07:30:00+00:00,1,6 days 06:00:00,4,68.71199133333319,A100,y
run-pipeline-gpu-cnb6t-2239293692,task,PROJECT_13,ns-16904409679649498,TEAM_1,2023-12-07 06:30:00+00:00,2023-12-11 04:45:00+00:00,2,3 days 22:15:00,3,53.20018567639252,A30,y
run-pipeline-gpu-p4f6v-1116444571,task,PROJECT_13,ns-16904409679649498,TEAM_1,2023-12-07 06:45:00+00:00,2023-12-12 06:00:00+00:00,2,4 days 23:15:00,3,58.69450398322847,A30,y
run-pipeline-gpu-mdx4s-1168587679,task,PROJECT_13,ns-16904409679649498,TEAM_1,2023-12-07 23:30:00+00:00,2023-12-12 23:45:00+00:00,2,5 days 00:15:00,5,93.27593119,A30,n
run-pipeline-gpu-tnpvx-3557156973,task,PROJECT_13,ns-16904409679649498,TEAM_1,2023-12-08 11:45:00+00:00,2023-12-14 13:45:00+00:00,1,6 days 02:00:00,4,64.50380188356185,A30,y
run-pipeline-gpu-jlbhf-3234668083,task,PROJECT_13,ns-16904409679649498,TEAM_1,2023-12-09 00:15:00+00:00,2023-12-11 00:00:00+00:00,1,1 days 23:45:00,2,34.36503141361258,A30,n
run-pipeline-gpu-g55qp-3899501611,task,PROJECT_13,ns-16904409679649498,TEAM_1,2023-12-10 23:30:00+00:00,2023-12-12 23:45:00+00:00,1,2 days 00:15:00,3,44.34300207253887,A100,y
run-pipeline-gpu-q6k47-2102910114,task,PROJECT_13,ns-16904409679649498,,2023-12-11 04:30:00+00:00,2023-12-15 22:30:00+00:00,1,4 days 18:00:00,5,80.08150241228078,A100,n
run-pipeline-gpu-fc5k7-3174162485,task,PROJECT_13,ns-16904409679649498,TEAM_1,2023-12-11 08:00:00+00:00,2023-12-12 04:00:00+00:00,1,0 days 20:00:00,4,76.95327875000002,A100,y
run-pipeline-gpu-pz2zc-2341084632,task,PROJECT_13,ns-16904409679649498,,2023-12-11 23:00:00+00:00,2024-01-18 00:45:00+00:00,4,37 days 01:45:00,5,92.26178699072794,A100,n
run-pipeline-gpu-x5md5-3046812994,task,PROJECT_13,ns-16904409679649498,TEAM_1,2023-12-12 04:30:00+00:00,2023-12-12 23:30:00+00:00,2,0 days 19:00:00,1,0,A30,y
run-pipeline-gpu-cpkc7-2132720507,task,PROJECT_13,ns-16904409679649498,TEAM_1,2023-12-12 23:45:00+00:00,2023-12-22 05:15:00+00:00,4,9 days 05:30:00,4,60.74764085778792,A30,n
run-pipeline-gpu-xxrgv-1564867432,task,PROJECT_13,ns-16904409679649498,TEAM_1,2023-12-14 08:15:00+00:00,2023-12-19 23:45:00+00:00,1,5 days 15:30:00,4,75.72098819188186,A100,y
run-pipeline-gpu-7lclx-2142901245,task,PROJECT_13,ns-16904409679649498,TEAM_1,2023-12-15 10:15:00+00:00,2023-12-15 22:00:00+00:00,1,0 days 11:45:00,4,73.88930851063826,A100,n
run-pipeline-gpu-xzlvm-3417980908,task,PROJECT_13,ns-16904409679649498,TEAM_1,2023-12-15 22:00:00+00:00,2023-12-16 15:30:00+00:00,1,0 days 17:30:00,3,48.72064857142858,A100,y
run-pipeline-gpu-mrx4s-1484515517,task,PROJECT_13,ns-16904409679649498,TEAM_1,2023-12-15 22:30:00+00:00,2023-12-18 15:45:00+00:00,1,2 days 17:15:00,4,67.90341685823753,A100,n
run-pipeline-gpu-bkjkr-183184999,task,PROJECT_13,ns-16904409679649498,TEAM_1,2023-12-15 23:00:00+00:00,2023-12-16 11:30:00+00:00,1,0 days 12:30:00,4,71.91870000000002,A100,y
run-pipeline-gpu-9cb4p-1757353259,task,PROJECT_13,ns-16904409679649498,TEAM_1,2023-12-16 07:45:00+00:00,2023-12-16 19:15:00+00:00,1,0 days 11:30:00,4,67.12875869565218,A100,n
run-pipeline-gpu-nvg7l-1828564311,task,PROJECT_13,ns-16904409679649498,TEAM_1,2023-12-16 07:45:00+00:00,2023-12-17 00:15:00+00:00,1,0 days 16:30:00,4,69.72858484848483,A100,n
run-pipeline-gpu-7bm6z-4041400377,task,PROJECT_13,ns-16904409679649498,TEAM_1,2023-12-16 15:30:00+00:00,2023-12-17 03:00:00+00:00,1,0 days 11:30:00,2,30.481667391304352,A100,y
run-pipeline-gpu-4fw4s-176198363,task,PROJECT_13,ns-16904409679649498,TEAM_1,2023-12-16 15:30:00+00:00,2023-12-17 14:00:00+00:00,1,0 days 22:30:00,2,35.20086444444445,A100,n
run-pipeline-gpu-k279x-435367196,task,PROJECT_13,ns-16904409679649498,TEAM_1,2023-12-16 15:30:00+00:00,2023-12-17 02:30:00+00:00,1,0 days 11:00:00,4,70.93055227272733,A100,y
run-pipeline-gpu-9c4zx-2993344091,task,PROJECT_2,ns-16909377696061704,TEAM_1,2023-12-17 03:15:00+00:00,2024-01-15 05:15:00+00:00,4,29 days 02:00:00,5,83.06908979,A100,y
run-pipeline-gpu-h87tp-2292586306,task,PROJECT_4,ns-16904413105821052,TEAM_4,2023-12-17 14:15:00+00:00,2023-12-17 14:30:00+00:00,1,0 days 00:15:00,1,0,A100,y
run-pipeline-gpu-5jjpb-2382441466,task,PROJECT_4,ns-16904413105821052,TEAM_4,2023-12-17 14:15:00+00:00,2023-12-17 14:30:00+00:00,1,0 days 00:15:00,1,0,A30,y
run-pipeline-gpu-g4qgc-2834592541,task,PROJECT_13,ns-16904409679649498,TEAM_1,2023-12-18 04:45:00+00:00,2023-12-19 13:00:00+00:00,1,1 days 08:15:00,3,52.34075348837209,A100,n
run-pipeline-gpu-nkzkv-3657696935,task,PROJECT_13,ns-16904409679649498,TEAM_1,2023-12-18 05:15:00+00:00,2023-12-18 16:45:00+00:00,1,0 days 11:30:00,1,14.438710869565224,A100,y
run-pipeline-gpu-hncvb-2387745484,task,PROJECT_13,ns-16904409679649498,TEAM_1,2023-12-18 06:00:00+00:00,2023-12-27 05:15:00+00:00,4,8 days 23:15:00,5,96.20691242740992,A100,n
run-pipeline-gpu-826hk-1474967838,task,PROJECT_13,ns-16904409679649498,TEAM_1,2023-12-18 06:15:00+00:00,2023-12-19 07:30:00+00:00,2,1 days 01:15:00,1,2.91099802,A30,y
run-pipeline-gpu-w5kwp-2895921023,task,PROJECT_13,ns-16904409679649498,TEAM_1,2023-12-18 23:45:00+00:00,2023-12-19 11:00:00+00:00,1,0 days 11:15:00,4,70.45114222,A100,n
run-pipeline-gpu-4jx78-2326148594,task,PROJECT_13,ns-16904409679649498,TEAM_1,2023-12-18 23:45:00+00:00,2023-12-20 01:15:00+00:00,1,1 days 01:30:00,4,63.56810882352944,A100,y
run-pipeline-gpu-2vk82-2772670268,task,PROJECT_13,ns-16904409679649498,TEAM_1,2023-12-19 00:00:00+00:00,2023-12-20 01:15:00+00:00,1,1 days 01:15:00,1,4.478121782,A100,n
run-pipeline-gpu-vh48v-4161684797,task,PROJECT_13,ns-16904409679649498,TEAM_1,2023-12-19 00:00:00+00:00,2023-12-20 01:15:00+00:00,1,1 days 01:15:00,4,72.0812396,A100,y
run-pipeline-gpu-vdvrm-1573875290,task,PROJECT_13,ns-16904409679649498,TEAM_1,2023-12-19 13:00:00+00:00,2023-12-21 01:15:00+00:00,1,1 days 12:15:00,2,24.68350896551725,A100,n
run-pipeline-gpu-ndmtp-2220204154,task,PROJECT_13,ns-16904409679649498,TEAM_1,2023-12-20 00:30:00+00:00,2023-12-22 00:00:00+00:00,1,1 days 23:30:00,2,34.45397736842104,A30,y
run-pipeline-gpu-8fz2m-3120019794,task,PROJECT_1,ns-16904458533318198,TEAM_2,2023-12-20 06:00:00+00:00,2023-12-20 07:30:00+00:00,2,0 days 01:30:00,1,0,A100,n
run-pipeline-gpu-4vk2f-731439944,task,PROJECT_1,ns-16904458533318198,,2023-12-20 07:30:00+00:00,2023-12-21 02:00:00+00:00,1,0 days 18:30:00,1,0,A100,y
run-pipeline-gpu-clhnk-1829672999,task,PROJECT_13,ns-16904409679649498,TEAM_1,2023-12-20 11:45:00+00:00,2023-12-21 00:30:00+00:00,1,0 days 12:45:00,4,64.13745490196074,A100,n
run-pipeline-gpu-p7f7j-351015129,task,PROJECT_13,ns-16904409679649498,TEAM_1,2023-12-21 01:45:00+00:00,2023-12-22 05:00:00+00:00,1,1 days 03:15:00,2,30.429464220183476,A100,y
run-pipeline-gpu-zhd7x-482888682,task,PROJECT_13,ns-16904409679649498,TEAM_1,2023-12-21 02:15:00+00:00,2023-12-23 02:15:00+00:00,1,2 days 00:00:00,2,35.21924166666668,A100,n
run-pipeline-gpu-9hfv4-2070089656,task,PROJECT_1,ns-16904458533318198,TEAM_2,2023-12-21 06:00:00+00:00,2023-12-21 06:30:00+00:00,2,0 days 00:30:00,1,0,A100,n
run-pipeline-gpu-5nwn5-2647425578,task,PROJECT_1,ns-16904458533318198,TEAM_2,2023-12-21 06:30:00+00:00,2023-12-21 07:00:00+00:00,1,0 days 00:30:00,1,0,A100,y
run-pipeline-gpu-pmjr7-3912179269,task,PROJECT_1,ns-16904458533318198,TEAM_2,2023-12-21 07:00:00+00:00,2023-12-21 07:45:00+00:00,1,0 days 00:45:00,1,0,A100,n
run-pipeline-gpu-9mw92-3717946137,task,PROJECT_1,ns-16904458533318198,,2023-12-21 07:30:00+00:00,2023-12-21 08:00:00+00:00,1,0 days 00:30:00,1,0,A100,n
run-pipeline-gpu-qbd6p-1169999936,task,PROJECT_1,ns-16904458533318198,TEAM_2,2023-12-21 07:45:00+00:00,2023-12-21 08:00:00+00:00,1,0 days 00:15:00,1,0,A100,y
run-pipeline-gpu-qzc8m-3277043400,task,PROJECT_1,ns-16904458533318198,,2023-12-21 08:00:00+00:00,2023-12-21 08:30:00+00:00,2,0 days 00:30:00,1,0,A100,n
run-pipeline-gpu-wvzm6-3847656535,task,PROJECT_1,ns-16904458533318198,,2023-12-21 08:30:00+00:00,2023-12-22 00:00:00+00:00,2,0 days 15:30:00,1,0,A100,y
run-pipeline-gpu-fftp4-1617571953,task,PROJECT_13,ns-16904409679649498,TEAM_1,2023-12-22 05:00:00+00:00,2023-12-27 05:15:00+00:00,4,5 days 00:15:00,5,92.79521081,A100,n
run-pipeline-gpu-8f9bl-2129316468,task,PROJECT_13,ns-16904409679649498,TEAM_1,2023-12-22 05:00:00+00:00,2023-12-23 01:30:00+00:00,1,0 days 20:30:00,4,75.83308902439025,A100,y
run-pipeline-gpu-sqx2x-925940323,task,PROJECT_13,ns-16904409679649498,TEAM_1,2023-12-23 03:00:00+00:00,2023-12-23 07:00:00+00:00,1,0 days 04:00:00,1,0,A100,n
run-pipeline-gpu-cmfk4-4275231030,task,PROJECT_13,ns-16904409679649498,TEAM_1,2023-12-23 03:00:00+00:00,2023-12-23 03:30:00+00:00,1,0 days 00:30:00,1,0,A100,n
run-pipeline-gpu-9qshj-2061954654,task,PROJECT_13,ns-16904409679649498,TEAM_1,2023-12-23 06:15:00+00:00,2023-12-23 06:45:00+00:00,1,0 days 00:30:00,1,0,A100,y
run-pipeline-gpu-4lwsv-1962454033,task,PROJECT_13,ns-16904409679649498,TEAM_1,2023-12-23 06:45:00+00:00,2023-12-24 08:00:00+00:00,2,1 days 01:15:00,1,0.4472594059405939,A30,n
run-pipeline-gpu-82f9j-1448121028,task,PROJECT_13,ns-16904409679649498,TEAM_1,2023-12-23 15:00:00+00:00,2024-01-08 08:30:00+00:00,4,15 days 17:30:00,4,65.85978251655642,A100,y
run-pipeline-gpu-gnd5n-1710628013,task,PROJECT_13,ns-16904409679649498,TEAM_1,2023-12-24 07:45:00+00:00,2023-12-30 04:00:00+00:00,2,5 days 20:15:00,5,94.9981467,A100,y
run-pipeline-gpu-5zvpv-747118082,task,PROJECT_13,ns-16904409679649498,TEAM_1,2023-12-26 01:45:00+00:00,2023-12-26 06:45:00+00:00,4,0 days 05:00:00,2,35.35099999999999,A30,y
run-pipeline-gpu-cbzwk-2070977808,task,PROJECT_13,ns-16904409679649498,TEAM_1,2023-12-26 07:00:00+00:00,2023-12-27 02:30:00+00:00,4,0 days 19:30:00,1,7.612538461538459,A30,y
run-pipeline-gpu-jms8w-3551857596,task,PROJECT_13,ns-16904409679649498,TEAM_1,2023-12-27 03:00:00+00:00,2023-12-27 07:00:00+00:00,4,0 days 04:00:00,2,21.0602125,A30,n
run-pipeline-gpu-9tnd8-1865815998,task,PROJECT_13,ns-16904409679649498,TEAM_1,2023-12-27 05:30:00+00:00,2024-01-11 21:45:00+00:00,4,15 days 16:15:00,4,69.29213541528249,A100,y
run-pipeline-gpu-qrstf-3318118143,task,PROJECT_13,ns-16904409679649498,TEAM_1,2023-12-27 05:30:00+00:00,2024-01-03 04:00:00+00:00,4,6 days 22:30:00,5,89.90502582582586,A100,n
run-pipeline-gpu-99hp9-2279907390,task,PROJECT_13,ns-16904409679649498,TEAM_1,2023-12-27 07:45:00+00:00,2023-12-31 06:45:00+00:00,4,3 days 23:00:00,2,22.43569578947365,A30,y
run-pipeline-gpu-xcwhc-3168286880,task,PROJECT_13,ns-16904409679649498,TEAM_1,2023-12-29 06:30:00+00:00,2023-12-31 05:30:00+00:00,1,1 days 23:00:00,4,78.73409042553199,A100,n
run-pipeline-gpu-lpcvm-2207421033,task,PROJECT_13,ns-16904409679649498,TEAM_1,2023-12-29 06:30:00+00:00,2023-12-29 21:30:00+00:00,1,0 days 15:00:00,4,73.26410666666665,A100,y
run-pipeline-gpu-6ddq9-1404546105,task,PROJECT_13,ns-16904409679649498,TEAM_1,2023-12-29 19:00:00+00:00,2023-12-30 16:15:00+00:00,4,0 days 21:15:00,3,53.68134235294118,A30,n
run-pipeline-gpu-6xntx-216862477,task,PROJECT_13,ns-16904409679649498,TEAM_1,2023-12-30 06:15:00+00:00,2024-01-03 04:00:00+00:00,1,3 days 21:45:00,4,75.13289306666664,A100,y
run-pipeline-gpu-qqw99-3610954670,task,PROJECT_13,ns-16904409679649498,TEAM_1,2023-12-30 16:45:00+00:00,2023-12-31 17:30:00+00:00,4,1 days 00:45:00,3,58.80216666666667,A30,n
run-pipeline-gpu-pxsr4-1340460384,task,PROJECT_13,ns-16904409679649498,TEAM_1,2023-12-31 17:30:00+00:00,2024-01-01 01:00:00+00:00,4,0 days 07:30:00,1,17.05772666666666,A30,y
run-pipeline-gpu-btkf5-859327339,task,PROJECT_1,ns-16904458533318198,TEAM_2,2024-01-01 01:00:00+00:00,2024-01-01 01:45:00+00:00,1,0 days 00:45:00,1,7.3287666666666675,A100,n
run-pipeline-gpu-pwjj4-1201686976,task,PROJECT_1,ns-16904458533318198,TEAM_2,2024-01-01 01:45:00+00:00,2024-01-02 05:15:00+00:00,1,1 days 03:30:00,3,42.98918090909093,A30,y
run-pipeline-gpu-cwjxt-3082327593,task,PROJECT_13,ns-16904409679649498,TEAM_1,2024-01-01 05:30:00+00:00,2024-01-03 23:45:00+00:00,4,2 days 18:15:00,3,53.92583472,A30,n
run-pipeline-gpu-hbbgm-1746798765,task,PROJECT_13,ns-16904409679649498,TEAM_1,2024-01-01 15:45:00+00:00,2024-01-01 23:15:00+00:00,3,0 days 07:30:00,1,0,A100,y
run-pipeline-gpu-h7wbt-279665657,task,PROJECT_13,ns-16904409679649498,TEAM_1,2024-01-01 23:15:00+00:00,2024-01-24 01:30:00+00:00,2,22 days 02:15:00,2,25.376511126826912,A100,n
run-pipeline-gpu-hxbvr-1622881279,task,PROJECT_13,ns-16904409679649498,TEAM_1,2024-01-01 23:30:00+00:00,2024-01-30 08:00:00+00:00,1,28 days 08:30:00,3,55.90969941219681,A100,n
run-pipeline-gpu-4gtq4-2472434307,task,PROJECT_1,ns-16904458533318198,,2024-01-02 05:30:00+00:00,2024-01-04 02:15:00+00:00,1,1 days 20:45:00,2,32.71508938547489,A30,y
run-pipeline-gpu-vzp6m-2425280966,task,PROJECT_13,ns-16904409679649498,TEAM_1,2024-01-02 09:30:00+00:00,2024-01-08 08:30:00+00:00,2,5 days 23:00:00,1,13.31779248,A30,n
run-pipeline-gpu-n74hr-826594044,task,PROJECT_13,ns-16904409679649498,TEAM_1,2024-01-02 09:30:00+00:00,2024-01-07 23:15:00+00:00,2,5 days 13:45:00,4,74.68127607476642,A30,y
run-pipeline-gpu-qlz75-3115213630,task,PROJECT_2,ns-16909377696061704,TEAM_1,2024-01-03 18:45:00+00:00,2024-01-17 22:15:00+00:00,2,14 days 03:30:00,5,95.81420206185562,A100,y
run-pipeline-gpu-l7w9q-2083896429,task,PROJECT_13,ns-16904409679649498,TEAM_1,2024-01-04 00:00:00+00:00,2024-01-04 04:00:00+00:00,4,0 days 04:00:00,3,52.8696625,A30,y
run-pipeline-gpu-jrsp9-3759191875,task,PROJECT_17,ns-16904374776309414,TEAM_3,2024-01-04 00:15:00+00:00,2024-01-16 01:45:00+00:00,4,12 days 01:30:00,1,15.512591882556116,A100,y
run-pipeline-gpu-9d9xs-3001633694,task,PROJECT_13,ns-16904409679649498,TEAM_1,2024-01-04 00:30:00+00:00,2024-01-04 01:15:00+00:00,8,0 days 00:45:00,1,0,A100,n
run-pipeline-gpu-qdm94-2147748742,task,PROJECT_13,ns-16904409679649498,TEAM_1,2024-01-04 04:00:00+00:00,2024-01-06 15:30:00+00:00,4,2 days 11:30:00,3,45.55126722689077,A100,n
run-pipeline-gpu-nhq7k-719672536,task,PROJECT_4,ns-16904413105821052,TEAM_4,2024-01-04 06:45:00+00:00,2024-01-04 07:15:00+00:00,1,0 days 00:30:00,1,0,A100,n
run-pipeline-gpu-p9zqk-3668461244,task,PROJECT_4,ns-16904413105821052,,2024-01-04 07:30:00+00:00,2024-01-16 01:45:00+00:00,2,11 days 18:15:00,2,27.24974605845885,A100,n
run-pipeline-gpu-4vwkb-332303483,task,PROJECT_4,ns-16904413105821052,,2024-01-04 08:00:00+00:00,2024-01-04 08:45:00+00:00,1,0 days 00:45:00,1,0,A100,y
run-pipeline-gpu-g5bc6-3346494428,task,PROJECT_4,ns-16904413105821052,TEAM_4,2024-01-04 08:15:00+00:00,2024-01-16 01:45:00+00:00,1,11 days 17:30:00,1,11.34933978685614,A100,y
run-pipeline-gpu-lwbp2-1534120356,task,PROJECT_17,ns-16904374776309414,TEAM_3,2024-01-04 08:45:00+00:00,2024-01-04 10:30:00+00:00,2,0 days 01:45:00,1,0,A100,y
run-pipeline-gpu-swq2n-3049610790,task,PROJECT_4,ns-16904413105821052,,2024-01-05 01:00:00+00:00,2024-01-06 01:15:00+00:00,1,1 days 00:15:00,1,0,A100,y
run-pipeline-gpu-x9tfn-248304882,task,PROJECT_12,ns-16904406391779833,TEAM_12,2024-01-05 07:45:00+00:00,2024-01-11 18:00:00+00:00,4,6 days 10:15:00,3,58.46338930307941,A30,n
run-pipeline-gpu-h6fqd-840725110,task,PROJECT_13,ns-16904409679649498,TEAM_1,2024-01-05 08:15:00+00:00,2024-01-13 07:15:00+00:00,4,7 days 23:00:00,5,97.33877565445027,A100,y
run-pipeline-gpu-5zs6m-2706812674,task,PROJECT_4,ns-16904413105821052,,2024-01-05 08:15:00+00:00,2024-01-06 08:45:00+00:00,2,1 days 00:30:00,1,1.7026846938775508,A100,n
run-pipeline-gpu-rnqjn-4238665228,task,PROJECT_13,ns-16904409679649498,TEAM_1,2024-01-06 15:30:00+00:00,2024-01-08 05:30:00+00:00,4,1 days 14:00:00,3,46.574030263157866,A100,y
run-pipeline-gpu-tspdw-3706195323,task,PROJECT_13,ns-16904409679649498,TEAM_1,2024-01-08 00:00:00+00:00,2024-01-08 00:45:00+00:00,2,0 days 00:45:00,5,96.9146,A30,n
run-pipeline-gpu-lhkgw-780639444,task,PROJECT_13,ns-16904409679649498,TEAM_1,2024-01-08 00:00:00+00:00,2024-01-08 01:00:00+00:00,2,0 days 01:00:00,4,64.973975,A30,n
run-pipeline-gpu-5xgrz-3147514755,task,PROJECT_13,ns-16904409679649498,TEAM_1,2024-01-08 00:15:00+00:00,2024-01-08 01:00:00+00:00,2,0 days 00:45:00,3,59.1145,A30,n
run-pipeline-gpu-4bqsz-2455458349,task,PROJECT_13,ns-16904409679649498,TEAM_1,2024-01-08 00:45:00+00:00,2024-01-16 06:30:00+00:00,2,8 days 05:45:00,4,75.45750353982301,A30,n
run-pipeline-gpu-c8p5c-4061668670,task,PROJECT_13,ns-16904409679649498,TEAM_1,2024-01-08 01:00:00+00:00,2024-01-16 22:45:00+00:00,2,8 days 21:45:00,5,85.27612573099402,A30,n
run-pipeline-gpu-jgdnh-544506832,task,PROJECT_13,ns-16904409679649498,TEAM_1,2024-01-08 01:00:00+00:00,2024-01-16 06:45:00+00:00,2,8 days 05:45:00,4,74.41377863,A30,y
run-pipeline-gpu-7b2lh-267076134,task,PROJECT_13,ns-16904409679649498,TEAM_1,2024-01-08 07:15:00+00:00,2024-01-11 21:45:00+00:00,2,3 days 14:30:00,4,75.16759537572254,A100,y
run-pipeline-gpu-s45qr-2725211470,task,PROJECT_13,ns-16904409679649498,TEAM_1,2024-01-08 07:15:00+00:00,2024-01-11 21:45:00+00:00,2,3 days 14:30:00,4,73.84327427745667,A100,y
run-pipeline-gpu-8j5wp-4271974259,task,PROJECT_13,ns-16904409679649498,TEAM_1,2024-01-08 07:15:00+00:00,2024-01-29 02:00:00+00:00,1,20 days 18:45:00,2,26.661473032581306,A100,y
run-pipeline-gpu-h9k9h-1096992746,task,PROJECT_13,ns-16904409679649498,TEAM_1,2024-01-08 07:15:00+00:00,2024-01-10 20:30:00+00:00,2,2 days 13:15:00,4,74.39723755102047,A100,n
run-pipeline-gpu-fds9m-4227584090,task,PROJECT_13,ns-16904409679649498,,2024-01-08 07:30:00+00:00,2024-01-08 23:15:00+00:00,4,0 days 15:45:00,1,17.980161904761896,A100,y
run-pipeline-gpu-9nt5j-62595835,task,PROJECT_13,ns-16904409679649498,TEAM_1,2024-01-09 01:45:00+00:00,2024-01-09 10:00:00+00:00,4,0 days 08:15:00,2,32.66875454545455,A100,n
run-pipeline-gpu-w8jb5-714416263,task,PROJECT_13,ns-16904409679649498,TEAM_1,2024-01-10 00:45:00+00:00,2024-01-19 07:15:00+00:00,2,9 days 06:30:00,4,78.25725449438197,A30,y
run-pipeline-gpu-fq245-314349883,task,PROJECT_13,ns-16904409679649498,TEAM_1,2024-01-10 01:15:00+00:00,2024-01-10 04:15:00+00:00,4,0 days 03:00:00,2,25.87208333333333,A100,n
run-pipeline-gpu-cgbdn-2299830279,task,PROJECT_13,ns-16904409679649498,TEAM_1,2024-01-10 04:15:00+00:00,2024-01-10 23:15:00+00:00,4,0 days 19:00:00,2,26.32942105263158,A100,y
run-pipeline-gpu-pqdqj-1187381983,task,PROJECT_13,ns-16904409679649498,TEAM_1,2024-01-10 23:30:00+00:00,2024-01-11 00:15:00+00:00,4,0 days 00:45:00,2,35.355133333333335,A100,n
run-pipeline-gpu-s6hwn-3819247695,task,PROJECT_13,ns-16904409679649498,TEAM_1,2024-01-11 00:15:00+00:00,2024-01-11 12:15:00+00:00,4,0 days 12:00:00,2,29.12536874999999,A100,y
run-pipeline-gpu-59trs-1791732950,task,PROJECT_13,ns-16904409679649498,TEAM_1,2024-01-11 05:00:00+00:00,2024-01-11 09:45:00+00:00,2,0 days 04:45:00,4,72.61557894736842,A100,n
run-pipeline-gpu-jhwg5-3735731488,task,PROJECT_13,ns-16904409679649498,TEAM_1,2024-01-11 10:15:00+00:00,2024-01-12 01:45:00+00:00,2,0 days 15:30:00,4,73.46533870967738,A100,y
run-pipeline-gpu-5mgsw-1892653154,task,PROJECT_17,ns-16904374776309414,TEAM_3,2024-01-11 14:30:00+00:00,2024-01-12 06:30:00+00:00,4,0 days 16:00:00,3,43.92167812499999,A100,n
run-pipeline-gpu-f7x7d-4036679523,task,PROJECT_13,ns-16904409679649498,TEAM_1,2024-01-11 15:30:00+00:00,2024-01-11 23:00:00+00:00,2,0 days 07:30:00,2,31.12877,A100,y
run-pipeline-gpu-n9rg4-229354915,task,PROJECT_13,ns-16904409679649498,TEAM_1,2024-01-11 23:00:00+00:00,2024-01-12 09:30:00+00:00,4,0 days 10:30:00,2,28.231645238095247,A100,n
run-pipeline-gpu-82jbf-1091556461,task,PROJECT_13,ns-16904409679649498,TEAM_1,2024-01-12 01:45:00+00:00,2024-01-16 10:15:00+00:00,2,4 days 08:30:00,5,87.76464234449757,A100,y
run-pipeline-gpu-7fmc4-1026476480,task,PROJECT_12,ns-16904406391779833,TEAM_12,2024-01-12 05:45:00+00:00,2024-01-13 23:45:00+00:00,4,1 days 18:00:00,1,0,A30,n
run-pipeline-gpu-24kd7-1782892583,task,PROJECT_2,ns-16909377696061704,TEAM_1,2024-01-12 07:15:00+00:00,2024-02-07 15:00:00+00:00,2,26 days 07:45:00,5,84.46694736842095,A100,n
run-pipeline-gpu-l9s84-913604121,task,PROJECT_13,ns-16904409679649498,TEAM_1,2024-01-12 14:45:00+00:00,2024-01-12 17:30:00+00:00,4,0 days 02:45:00,3,54.330018181818176,A100,y
run-pipeline-gpu-xxzhb-877654433,task,PROJECT_13,ns-16904409679649498,TEAM_1,2024-01-12 17:45:00+00:00,2024-01-16 08:45:00+00:00,4,3 days 15:00:00,3,48.65993649425284,A100,n
run-pipeline-gpu-txcqs-569817102,task,PROJECT_13,ns-16904409679649498,TEAM_1,2024-01-13 07:15:00+00:00,2024-01-22 01:00:00+00:00,2,8 days 17:45:00,5,81.80578057210965,A100,y
run-pipeline-gpu-c5d2p-145999275,task,PROJECT_1,ns-16904458533318198,,2024-01-15 02:00:00+00:00,2024-01-15 04:30:00+00:00,2,0 days 02:30:00,1,0,A100,y
run-pipeline-gpu-8z68d-964333601,task,PROJECT_1,ns-16904458533318198,TEAM_2,2024-01-15 04:45:00+00:00,2024-01-15 05:15:00+00:00,1,0 days 00:30:00,1,0,A100,y
run-pipeline-gpu-lss2v-3216184079,task,PROJECT_13,ns-16904409679649498,TEAM_1,2024-01-15 05:30:00+00:00,2024-01-15 05:45:00+00:00,1,0 days 00:15:00,1,0,A100,y
run-pipeline-gpu-2xsks-1267550502,task,PROJECT_13,ns-16904409679649498,TEAM_1,2024-01-15 05:45:00+00:00,2024-01-15 06:00:00+00:00,1,0 days 00:15:00,1,0,A100,n
run-pipeline-gpu-ddpm9-2307128927,task,PROJECT_12,ns-16904406391779833,TEAM_12,2024-01-15 08:00:00+00:00,2024-01-23 02:30:00+00:00,4,7 days 18:30:00,3,49.01231716,A30,n
run-pipeline-gpu-4vppl-989390375,task,PROJECT_13,ns-16904409679649498,TEAM_1,2024-01-16 01:30:00+00:00,2024-01-16 02:15:00+00:00,4,0 days 00:45:00,2,32.8864,A100,n
run-pipeline-gpu-m685r-957622763,task,PROJECT_17,ns-16904374776309414,,2024-01-16 02:00:00+00:00,2024-01-16 04:15:00+00:00,1,0 days 02:15:00,1,0,A100,n
run-pipeline-gpu-5bpbm-3559724633,task,PROJECT_17,ns-16904374776309414,TEAM_3,2024-01-16 06:30:00+00:00,2024-01-19 01:30:00+00:00,4,2 days 19:00:00,5,98.23950335820906,A100,y
run-pipeline-gpu-g45q7-144219255,task,PROJECT_13,ns-16904409679649498,TEAM_1,2024-01-16 08:45:00+00:00,2024-01-16 09:15:00+00:00,3,0 days 00:30:00,1,8.71355,A100,y
run-pipeline-gpu-7w4v6-2132514135,task,PROJECT_13,ns-16904409679649498,TEAM_1,2024-01-16 09:15:00+00:00,2024-01-17 00:15:00+00:00,3,0 days 15:00:00,1,19.12223999999999,A100,y
run-pipeline-gpu-m5gkk-1044189022,task,PROJECT_13,ns-16904409679649498,TEAM_1,2024-01-16 15:45:00+00:00,2024-01-16 23:30:00+00:00,4,0 days 07:45:00,1,0,A100,y
run-pipeline-gpu-ngq88-2770746731,task,PROJECT_13,ns-16904409679649498,TEAM_1,2024-01-16 22:45:00+00:00,2024-01-16 23:00:00+00:00,2,0 days 00:15:00,1,2.1436,A30,n
run-pipeline-gpu-lq7kc-1017939287,task,PROJECT_13,ns-16904409679649498,TEAM_1,2024-01-16 23:00:00+00:00,2024-01-19 07:30:00+00:00,2,2 days 08:30:00,2,24.170286725663715,A30,y
run-pipeline-gpu-2swhd-3169431857,task,PROJECT_13,ns-16904409679649498,TEAM_1,2024-01-16 23:30:00+00:00,2024-01-17 15:00:00+00:00,4,0 days 15:30:00,3,53.07549354838711,A100,n
run-pipeline-gpu-8sq5w-318761477,task,PROJECT_13,ns-16904409679649498,TEAM_1,2024-01-17 00:15:00+00:00,2024-01-17 06:30:00+00:00,4,0 days 06:15:00,2,33.045336,A100,y
run-pipeline-gpu-bzvjr-2788458255,task,PROJECT_13,ns-16904409679649498,TEAM_1,2024-01-17 02:15:00+00:00,2024-01-24 08:15:00+00:00,1,7 days 06:00:00,5,81.80564813218385,A100,n
run-pipeline-gpu-zjp92-3873447848,task,PROJECT_13,ns-16904409679649498,TEAM_1,2024-01-17 02:15:00+00:00,2024-01-17 06:30:00+00:00,2,0 days 04:15:00,2,27.574929411764707,A100,y
run-pipeline-gpu-6dfwt-2996314336,task,PROJECT_13,ns-16904409679649498,TEAM_1,2024-01-17 04:00:00+00:00,2024-01-17 06:30:00+00:00,2,0 days 02:30:00,2,31.905320000000007,A100,n
run-pipeline-gpu-zwk5k-2679731521,task,PROJECT_17,ns-16904374776309414,,2024-01-17 05:30:00+00:00,2024-01-17 05:45:00+00:00,5,0 days 00:15:00,1,0,A100,y
run-pipeline-gpu-65995-2587903403,task,PROJECT_1,ns-16904458533318198,TEAM_2,2024-01-17 05:45:00+00:00,2024-01-17 06:15:00+00:00,1,0 days 00:30:00,1,0,A100,n
run-pipeline-gpu-67q9p-1369228348,task,PROJECT_1,ns-16904458533318198,TEAM_2,2024-01-17 06:15:00+00:00,2024-01-18 06:15:00+00:00,1,1 days 00:00:00,1,0,A100,y
run-pipeline-gpu-d4d5n-2480006076,task,PROJECT_13,ns-16904409679649498,TEAM_1,2024-01-17 06:30:00+00:00,2024-01-17 14:45:00+00:00,4,0 days 08:15:00,2,24.691818181818185,A100,n
run-pipeline-gpu-q92dk-73489274,task,PROJECT_1,ns-16904458533318198,,2024-01-17 06:45:00+00:00,2024-01-18 01:15:00+00:00,1,0 days 18:30:00,1,0,A100,y
run-pipeline-gpu-mj95p-379769760,task,PROJECT_13,ns-16904409679649498,TEAM_1,2024-01-17 15:00:00+00:00,2024-01-17 19:00:00+00:00,8,0 days 04:00:00,4,76.84148749999999,A100,n
run-pipeline-gpu-z4pw9-3679841355,task,PROJECT_2,ns-16909377696061704,TEAM_1,2024-01-17 22:15:00+00:00,2024-02-07 15:00:00+00:00,4,20 days 16:45:00,5,82.25187679919475,A100,y
run-pipeline-gpu-7d2d7-1767297611,task,PROJECT_13,ns-16904409679649498,TEAM_1,2024-01-18 01:00:00+00:00,2024-01-18 01:15:00+00:00,3,0 days 00:15:00,1,0,A100,n
run-pipeline-gpu-fcvgd-3368581573,task,PROJECT_13,ns-16904409679649498,TEAM_1,2024-01-18 01:00:00+00:00,2024-01-18 08:45:00+00:00,4,0 days 07:45:00,3,48.009287096774194,A100,n
run-pipeline-gpu-6n7b2-4205980754,task,PROJECT_13,ns-16904409679649498,TEAM_1,2024-01-18 05:00:00+00:00,2024-01-18 06:15:00+00:00,4,0 days 01:15:00,3,49.60174,A100,y
run-pipeline-gpu-whhhj-3195655828,task,PROJECT_13,ns-16904409679649498,TEAM_1,2024-01-18 06:45:00+00:00,2024-01-24 08:45:00+00:00,4,6 days 02:00:00,5,81.20512945205485,A100,n
run-pipeline-gpu-94zlb-89947544,task,PROJECT_13,ns-16904409679649498,TEAM_1,2024-01-18 08:00:00+00:00,2024-01-18 11:45:00+00:00,4,0 days 03:45:00,2,37.6088,A100,y
run-pipeline-gpu-q82z8-427303108,task,PROJECT_13,ns-16904409679649498,TEAM_1,2024-01-18 08:00:00+00:00,2024-01-28 22:45:00+00:00,2,10 days 14:45:00,3,53.71728213935228,A100,y
run-pipeline-gpu-k8f9l-2834723455,task,PROJECT_13,ns-16904409679649498,TEAM_1,2024-01-18 09:00:00+00:00,2024-01-19 00:30:00+00:00,4,0 days 15:30:00,3,41.8697371,A100,y
run-pipeline-gpu-4tpsr-3420120526,task,PROJECT_13,ns-16904409679649498,TEAM_1,2024-01-19 01:15:00+00:00,2024-01-22 20:00:00+00:00,4,3 days 18:45:00,3,52.009445730027565,A100,y
run-pipeline-gpu-gcfvp-3319408383,task,PROJECT_17,ns-16904374776309414,TEAM_3,2024-01-19 01:30:00+00:00,2024-02-07 15:00:00+00:00,4,19 days 13:30:00,5,98.51008403,A100,n
run-pipeline-gpu-7w7ts-3911879731,task,PROJECT_13,ns-16904409679649498,TEAM_1,2024-01-19 09:30:00+00:00,2024-01-19 10:00:00+00:00,4,0 days 00:30:00,1,0,A100,y
run-pipeline-gpu-s25z9-4134201226,task,PROJECT_13,ns-16904409679649498,TEAM_1,2024-01-19 10:00:00+00:00,2024-01-19 13:15:00+00:00,3,0 days 03:15:00,4,65.73743076923074,A100,n
run-pipeline-gpu-p72xp-2413290666,task,PROJECT_13,ns-16904409679649498,TEAM_1,2024-01-19 13:45:00+00:00,2024-01-20 14:15:00+00:00,4,1 days 00:30:00,4,65.13968469387756,A100,y
run-pipeline-gpu-5wkkh-1873314351,task,PROJECT_13,ns-16904409679649498,TEAM_1,2024-01-20 14:30:00+00:00,2024-01-21 10:15:00+00:00,4,0 days 19:45:00,4,67.93123670886077,A100,n
run-pipeline-gpu-4lx5d-2457950530,task,PROJECT_13,ns-16904409679649498,TEAM_1,2024-01-21 23:15:00+00:00,2024-01-31 04:00:00+00:00,4,9 days 04:45:00,4,66.85976364665912,A100,y
run-pipeline-gpu-qjz4q-3180446049,task,PROJECT_17,ns-16904374776309414,,2024-01-21 23:45:00+00:00,2024-01-22 06:15:00+00:00,1,0 days 06:30:00,1,0,A100,n
run-pipeline-gpu-5j9bc-3339071754,task,PROJECT_1,ns-16904458533318198,,2024-01-22 04:15:00+00:00,2024-01-22 04:30:00+00:00,1,0 days 00:15:00,1,0,A100,y
run-pipeline-gpu-2jq54-1672485863,task,PROJECT_17,ns-16904374776309414,,2024-01-22 06:15:00+00:00,2024-01-22 07:45:00+00:00,1,0 days 01:30:00,1,0,A100,n
run-pipeline-gpu-gz9bd-2681504703,task,PROJECT_1,ns-16904458533318198,TEAM_2,2024-01-22 08:45:00+00:00,2024-01-22 09:00:00+00:00,2,0 days 00:15:00,1,0,A100,y
run-pipeline-gpu-mbfk9-821292784,task,PROJECT_1,ns-16904458533318198,,2024-01-22 09:00:00+00:00,2024-01-24 07:30:00+00:00,1,1 days 22:30:00,2,35.14882150537633,A100,n
run-pipeline-gpu-gmthr-2443386175,task,PROJECT_13,ns-16904409679649498,,2024-01-23 04:15:00+00:00,2024-01-24 07:30:00+00:00,2,1 days 03:15:00,3,57.76176238532108,A100,y
run-pipeline-gpu-c4ldk-126389565,task,PROJECT_13,ns-16904409679649498,TEAM_1,2024-01-23 06:45:00+00:00,2024-01-28 22:45:00+00:00,2,5 days 16:00:00,4,70.23641397,A100,n
run-pipeline-gpu-plv42-3561070837,task,PROJECT_13,ns-16904409679649498,TEAM_1,2024-01-23 06:45:00+00:00,2024-01-28 22:45:00+00:00,2,5 days 16:00:00,4,65.32270790441186,A100,y
run-pipeline-gpu-wh6w8-2576682873,task,PROJECT_13,ns-16904409679649498,TEAM_1,2024-01-24 01:30:00+00:00,2024-01-30 08:00:00+00:00,1,6 days 06:30:00,5,87.70983306,A100,n
run-pipeline-gpu-b8p28-3632890281,task,PROJECT_13,ns-16904409679649498,TEAM_1,2024-01-24 02:30:00+00:00,2024-01-24 08:45:00+00:00,1,0 days 06:15:00,1,7.447192,A100,y
run-pipeline-gpu-gp4c7-3307082716,task,PROJECT_13,ns-16904409679649498,TEAM_1,2024-01-24 06:15:00+00:00,2024-01-30 07:45:00+00:00,2,6 days 01:30:00,5,89.53779604810991,A100,n
run-pipeline-gpu-5qfp8-1545014637,task,PROJECT_13,ns-16904409679649498,TEAM_1,2024-01-24 08:30:00+00:00,2024-01-24 12:15:00+00:00,2,0 days 03:45:00,1,0,A100,y
run-pipeline-gpu-l22zd-2489533715,task,PROJECT_2,ns-16909377696061704,TEAM_1,2024-01-24 09:00:00+00:00,2024-02-07 15:00:00+00:00,6,14 days 06:00:00,5,98.74585862573088,A100,n
run-pipeline-gpu-4c6mf-4185454647,task,PROJECT_13,ns-16904409679649498,TEAM_1,2024-01-24 23:45:00+00:00,2024-01-25 00:00:00+00:00,4,0 days 00:15:00,1,0,A100,y
run-pipeline-gpu-9l47x-2662489281,task,PROJECT_13,ns-16904409679649498,TEAM_1,2024-01-25 00:15:00+00:00,2024-01-25 02:30:00+00:00,1,0 days 02:15:00,1,0,A100,n
run-pipeline-gpu-xck5z-165411734,task,PROJECT_2,ns-16909377696061704,TEAM_1,2024-01-25 02:30:00+00:00,2024-01-25 05:30:00+00:00,2,0 days 03:00:00,1,0,A100,y
run-pipeline-gpu-jbthq-390385068,task,PROJECT_17,ns-16904374776309414,TEAM_3,2024-01-25 05:30:00+00:00,2024-01-28 17:15:00+00:00,2,3 days 11:45:00,3,50.67645253731349,A100,n
run-pipeline-gpu-crvw4-3171165163,task,PROJECT_17,ns-16904374776309414,TEAM_3,2024-01-25 05:45:00+00:00,2024-01-26 09:15:00+00:00,2,1 days 03:30:00,4,72.46089454545458,A100,y
run-pipeline-gpu-fq6zp-2933817632,task,PROJECT_2,ns-16909377696061704,TEAM_1,2024-01-25 08:00:00+00:00,2024-01-29 05:00:00+00:00,1,3 days 21:00:00,5,81.18347392473116,A100,n
run-pipeline-gpu-lbpbk-3665481022,task,PROJECT_17,ns-16904374776309414,TEAM_3,2024-01-25 10:15:00+00:00,2024-01-29 00:45:00+00:00,1,3 days 14:30:00,3,50.91620202312133,A100,y
run-pipeline-gpu-p5nkp-3120797325,task,PROJECT_15,ns-1690441020642881,TEAM_2,2024-01-26 08:30:00+00:00,2024-01-27 10:30:00+00:00,4,1 days 02:00:00,1,6.0376730769230775,A30,n
run-pipeline-gpu-pskxg-1311846560,task,PROJECT_17,ns-16904374776309414,TEAM_3,2024-01-26 09:15:00+00:00,2024-01-28 17:15:00+00:00,1,2 days 08:00:00,3,42.64130134,A100,y
run-pipeline-gpu-gr7s2-1300792980,task,PROJECT_13,ns-16904409679649498,TEAM_1,2024-01-28 22:45:00+00:00,2024-01-30 00:15:00+00:00,2,1 days 01:30:00,4,69.74826078431373,A30,n
run-pipeline-gpu-vlhgh-266319022,task,PROJECT_13,ns-16904409679649498,TEAM_1,2024-01-28 22:45:00+00:00,2024-01-30 00:00:00+00:00,2,1 days 01:15:00,4,71.03252475247525,A30,n
run-pipeline-gpu-8bxl7-101878480,task,PROJECT_13,ns-16904409679649498,TEAM_1,2024-01-28 22:45:00+00:00,2024-01-30 07:30:00+00:00,2,1 days 08:45:00,3,47.75134045801529,A30,y
run-pipeline-gpu-tmdkg-1992501200,task,PROJECT_15,ns-1690441020642881,TEAM_2,2024-01-29 01:30:00+00:00,2024-01-29 04:45:00+00:00,4,0 days 03:15:00,5,90.67656923076925,A100,n
run-pipeline-gpu-xrl69-3799078920,task,PROJECT_13,ns-16904409679649498,TEAM_1,2024-01-29 06:00:00+00:00,2024-02-07 15:00:00+00:00,4,9 days 09:00:00,5,91.73843566666643,A100,y
run-pipeline-gpu-c9pkt-2907468312,task,PROJECT_4,ns-16904413105821052,,2024-01-29 06:45:00+00:00,2024-01-29 08:30:00+00:00,2,0 days 01:45:00,2,27.145242857142858,A100,y
run-pipeline-gpu-bspds-461724053,task,PROJECT_13,ns-16904409679649498,TEAM_1,2024-01-30 00:00:00+00:00,2024-01-30 00:15:00+00:00,2,0 days 00:15:00,1,0,A100,y
run-pipeline-gpu-6vdjt-742917155,task,PROJECT_17,ns-16904374776309414,,2024-01-30 01:30:00+00:00,2024-01-30 04:00:00+00:00,1,0 days 02:30:00,1,0,A100,y
run-pipeline-gpu-4tt58-467469210,task,PROJECT_13,ns-16904409679649498,TEAM_1,2024-01-30 02:15:00+00:00,2024-02-07 15:00:00+00:00,2,8 days 12:45:00,4,77.73560842,A30,n
run-pipeline-gpu-vfncf-1169673928,task,PROJECT_13,ns-16904409679649498,TEAM_1,2024-01-30 05:15:00+00:00,2024-01-30 05:30:00+00:00,2,0 days 00:15:00,1,0,A100,y
run-pipeline-gpu-pf6lg-1612545394,task,PROJECT_13,ns-16904409679649498,TEAM_1,2024-01-30 05:30:00+00:00,2024-01-30 06:00:00+00:00,2,0 days 00:30:00,1,0,A100,n
run-pipeline-gpu-r4pjc-2350761622,task,PROJECT_1,ns-16904458533318198,TEAM_2,2024-01-30 06:00:00+00:00,2024-01-30 06:30:00+00:00,1,0 days 00:30:00,1,0,A100,y
run-pipeline-gpu-2wk29-4114984326,task,PROJECT_13,ns-16904409679649498,TEAM_1,2024-01-30 06:30:00+00:00,2024-02-07 15:00:00+00:00,4,8 days 08:30:00,5,93.10640286783048,A100,n
run-pipeline-gpu-s59wn-196915659,task,PROJECT_1,ns-16904458533318198,TEAM_2,2024-01-30 06:30:00+00:00,2024-01-30 06:45:00+00:00,2,0 days 00:15:00,1,0,A100,y
run-pipeline-gpu-vz4j7-954837668,task,PROJECT_13,ns-16904409679649498,TEAM_1,2024-01-30 06:45:00+00:00,2024-02-07 15:00:00+00:00,1,8 days 08:15:00,5,93.89839350811488,A100,n
run-pipeline-gpu-szqsp-3123808704,task,PROJECT_13,ns-16904409679649498,TEAM_1,2024-01-30 07:45:00+00:00,2024-02-01 10:45:00+00:00,1,2 days 03:00:00,5,90.36726470588228,A100,y
run-pipeline-gpu-89gx2-3966155703,task,PROJECT_13,ns-16904409679649498,TEAM_1,2024-01-30 08:00:00+00:00,2024-02-07 15:00:00+00:00,2,8 days 07:00:00,5,91.90497349246242,A100,n
run-pipeline-gpu-rd2d5-1069693748,task,PROJECT_13,ns-16904409679649498,TEAM_1,2024-01-30 08:15:00+00:00,2024-02-07 15:00:00+00:00,2,8 days 06:45:00,5,84.21318691823906,A30,y
run-pipeline-gpu-4h88b-2132095031,task,PROJECT_13,ns-16904409679649498,TEAM_1,2024-01-30 08:15:00+00:00,2024-02-07 15:00:00+00:00,1,8 days 06:45:00,5,92.14760063,A100,n
run-pipeline-gpu-cm7mz-1371493079,task,PROJECT_1,ns-16904458533318198,,2024-01-30 23:30:00+00:00,2024-01-31 09:30:00+00:00,2,0 days 10:00:00,5,93.3030325,A100,y
run-pipeline-gpu-g8cgl-693057264,task,PROJECT_15,ns-1690441020642881,TEAM_2,2024-01-31 04:15:00+00:00,2024-01-31 04:45:00+00:00,4,0 days 00:30:00,1,0,A100,n
run-pipeline-gpu-tbk4s-1879259355,task,PROJECT_15,ns-1690441020642881,TEAM_2,2024-01-31 04:45:00+00:00,2024-01-31 06:30:00+00:00,1,0 days 01:45:00,1,0,A100,y
run-pipeline-gpu-9fv9x-2746955907,task,PROJECT_15,ns-1690441020642881,TEAM_2,2024-01-31 06:30:00+00:00,2024-02-01 03:30:00+00:00,2,0 days 21:00:00,4,71.49408571428569,A100,n
run-pipeline-gpu-rq2cx-1072744327,task,PROJECT_15,ns-1690441020642881,TEAM_2,2024-01-31 06:45:00+00:00,2024-02-01 03:30:00+00:00,1,0 days 20:45:00,5,83.78538916,A100,y
run-pipeline-gpu-rr99f-3748743721,task,PROJECT_13,ns-16904409679649498,TEAM_1,2024-01-31 07:45:00+00:00,2024-02-05 04:30:00+00:00,2,4 days 20:45:00,5,92.61692355,A100,n
run-pipeline-gpu-5hzv5-3641023697,task,PROJECT_17,ns-16904374776309414,TEAM_3,2024-01-31 08:00:00+00:00,2024-02-01 01:45:00+00:00,1,0 days 17:45:00,1,0,A100,y
run-pipeline-gpu-qbq42-144346561,task,PROJECT_1,ns-16904458533318198,TEAM_2,2024-02-01 01:00:00+00:00,2024-02-03 01:00:00+00:00,2,2 days 00:00:00,1,10.026535937500007,A30,n
run-pipeline-gpu-xpcxm-2778807119,task,PROJECT_17,ns-16904374776309414,TEAM_3,2024-02-01 01:45:00+00:00,2024-02-01 03:30:00+00:00,1,0 days 01:45:00,3,52.87429999999999,A100,n
run-pipeline-gpu-mtvnv-3509786754,task,PROJECT_15,ns-1690441020642881,TEAM_2,2024-02-01 05:00:00+00:00,2024-02-01 05:15:00+00:00,2,0 days 00:15:00,3,58.5363,A100,y
run-pipeline-gpu-ff7zr-3386994242,task,PROJECT_17,ns-16904374776309414,,2024-02-01 05:15:00+00:00,2024-02-01 06:45:00+00:00,1,0 days 01:30:00,5,88.72040000000001,A100,n
run-pipeline-gpu-bgknl-3373128455,task,PROJECT_17,ns-16904374776309414,TEAM_3,2024-02-01 05:15:00+00:00,2024-02-01 08:00:00+00:00,1,0 days 02:45:00,3,43.10455454545453,A100,y
run-pipeline-gpu-wt6nc-1871726909,task,PROJECT_1,ns-16904458533318198,,2024-02-01 06:15:00+00:00,2024-02-01 08:00:00+00:00,1,0 days 01:45:00,4,66.86214285714287,A100,y
run-pipeline-gpu-qh2nl-2614040420,task,PROJECT_17,ns-16904374776309414,TEAM_3,2024-02-01 08:30:00+00:00,2024-02-01 09:45:00+00:00,1,0 days 01:15:00,5,94.21004,A100,y
run-pipeline-gpu-xl8wt-1561883944,task,PROJECT_13,ns-16904409679649498,TEAM_1,2024-02-01 11:00:00+00:00,2024-02-01 11:30:00+00:00,1,0 days 00:30:00,1,0,A100,y
run-pipeline-gpu-dmnl9-1845353393,task,PROJECT_13,ns-16904409679649498,TEAM_1,2024-02-01 11:15:00+00:00,2024-02-01 11:45:00+00:00,2,0 days 00:30:00,1,0,A100,n
run-pipeline-gpu-pzlxx-4126595415,task,PROJECT_13,ns-16904409679649498,TEAM_1,2024-02-01 11:30:00+00:00,2024-02-01 11:45:00+00:00,1,0 days 00:15:00,5,100,A100,y
run-pipeline-gpu-gplk4-1259171671,task,PROJECT_13,ns-16904409679649498,TEAM_1,2024-02-01 11:30:00+00:00,2024-02-01 12:00:00+00:00,1,0 days 00:30:00,1,0,A100,n
run-pipeline-gpu-mjktv-3558851891,task,PROJECT_13,ns-16904409679649498,TEAM_1,2024-02-01 11:45:00+00:00,2024-02-07 15:00:00+00:00,2,6 days 03:15:00,5,99.81414244482178,A100,y
run-pipeline-gpu-hch5g-240983488,task,PROJECT_13,ns-16904409679649498,TEAM_1,2024-02-01 12:00:00+00:00,2024-02-01 22:30:00+00:00,1,0 days 10:30:00,1,0,A100,n
run-pipeline-gpu-fg96r-1405871495,task,PROJECT_15,ns-1690441020642881,TEAM_2,2024-02-01 23:45:00+00:00,2024-02-02 06:30:00+00:00,2,0 days 06:45:00,3,57.59126666666669,A100,n
run-pipeline-gpu-llwrg-1239579183,task,PROJECT_17,ns-16904374776309414,TEAM_3,2024-02-02 00:15:00+00:00,2024-02-02 07:15:00+00:00,1,0 days 07:00:00,2,38.07080357142858,A100,y
run-pipeline-gpu-xz225-4251640718,task,PROJECT_15,ns-1690441020642881,,2024-02-02 02:30:00+00:00,2024-02-07 10:45:00+00:00,4,5 days 08:15:00,5,87.20156257,A100,n
run-pipeline-gpu-qg98v-1803363110,task,PROJECT_13,ns-16904409679649498,TEAM_1,2024-02-02 07:00:00+00:00,2024-02-07 15:00:00+00:00,1,5 days 08:00:00,1,0.1953125,A100,y
run-pipeline-gpu-bvxlj-1626806371,task,PROJECT_13,ns-16904409679649498,TEAM_1,2024-02-02 07:15:00+00:00,2024-02-07 15:00:00+00:00,2,5 days 07:45:00,1,0,A30,n
run-pipeline-gpu-9bdds-2661085165,task,PROJECT_13,ns-16904409679649498,TEAM_1,2024-02-05 04:30:00+00:00,2024-02-07 15:00:00+00:00,2,2 days 10:30:00,5,91.38336452991464,A100,n
run-pipeline-gpu-vd7wk-4198087334,task,PROJECT_13,ns-16904409679649498,TEAM_1,2024-02-06 07:00:00+00:00,2024-02-06 23:30:00+00:00,1,0 days 16:30:00,1,0.2334439393939392,A100,y
run-pipeline-gpu-9w7hx-1761467166,task,PROJECT_13,ns-16904409679649498,TEAM_1,2024-02-06 07:00:00+00:00,2024-02-06 12:45:00+00:00,2,0 days 05:45:00,1,10.524943478260866,A100,n
run-pipeline-gpu-nhthq-1788714890,task,PROJECT_13,ns-16904409679649498,TEAM_1,2024-02-07 02:30:00+00:00,2024-02-07 15:00:00+00:00,1,0 days 12:30:00,1,19.256828,A100,y
