pod_name,pod_type,project,namespace,user_team,start,finish,count,time_diff,computing_load,gpu_utilization,flavor,preemption
run-pipeline-gpu-9fg4g-4198045470,task,PROJECT_13,ns-16904409679649498,TEAM_1,2024-03-06 11:00:00+00:00,2024-03-07 00:00:00+00:00,5,0 days 13:00:00,5,97.46977348695178,A100,y
run-pipeline-gpu-8g5pb-2879794351,task,PROJECT_13,ns-16904409679649498,,2024-03-29 07:00:00+00:00,2024-04-01 00:00:00+00:00,4,2 days 17:00:00,5,93.87823765337424,A100,n
run-pipeline-gpu-qr2fk-3879037461,task,PROJECT_5,ns-1690440796148727,,2024-04-04 02:00:00+00:00,2024-04-04 03:00:00+00:00,6,0 days 01:00:00,4,67.79900092592588,A100,y
run-pipeline-gpu-cqxgz-1528876722,task,PROJECT_13,ns-16904409679649498,TEAM_1,2024-04-01 01:00:00+00:00,2024-05-20 00:00:00+00:00,1,48 days 23:00:00,3,53.08638975069249,A100,n
run-pipeline-gpu-8z2pg-3801962406,task,PROJECT_1,ns-16904458533318198,TEAM_2,2024-02-08 00:00:00+00:00,2024-02-14 05:00:00+00:00,1,6 days 05:00:00,5,95.25975119047618,A30,y
run-pipeline-gpu-x8kqd-3503434973,task,PROJECT_13,ns-16904409679649498,TEAM_1,2024-04-23 04:00:00+00:00,2024-05-13 00:00:00+00:00,1,19 days 20:00:00,5,98.8572693243494,A100,y
run-pipeline-gpu-cqgld-154854302,task,PROJECT_17,ns-16904374776309414,TEAM_3,2024-04-09 00:00:00+00:00,2024-04-21 19:00:00+00:00,8,12 days 19:00:00,1,7.908286000000004,A100,y
run-pipeline-gpu-q692j-3150263403,task,PROJECT_17,ns-16904374776309414,TEAM_3,2024-03-27 06:00:00+00:00,2024-03-27 07:00:00+00:00,7,0 days 01:00:00,1,0.0,A100,n
run-pipeline-gpu-fcthj-1525357944,task,PROJECT_5,ns-1690440796148727,,2024-03-19 08:00:00+00:00,2024-03-19 11:00:00+00:00,6,0 days 03:00:00,5,88.80132817643192,A100,y
run-pipeline-gpu-gjvg9-1789996226,task,PROJECT_7,ns-16904458681476984,TEAM_1,2024-03-19 03:00:00+00:00,2024-03-20 03:00:00+00:00,1,1 days 00:00:00,5,95.7139749663527,A100,y
run-pipeline-gpu-6gscd-4052565872,task,PROJECT_13,ns-16904409679649498,TEAM_1,2024-02-13 08:00:00+00:00,2024-02-15 05:00:00+00:00,7,1 days 21:00:00,3,50.15734327272728,A100,y
run-pipeline-gpu-5k6vd-106796021,task,PROJECT_13,ns-16904409679649498,TEAM_1,2024-02-08 00:00:00+00:00,2024-02-16 00:00:00+00:00,3,8 days 00:00:00,2,22.13909018181822,A100,n
run-pipeline-gpu-brrw5-2583146811,task,PROJECT_11,ns-1682430413891001,,2024-03-04 05:00:00+00:00,2024-03-06 01:00:00+00:00,6,1 days 20:00:00,4,77.5094294853206,A100,n
run-pipeline-gpu-qgdht-488548089,task,PROJECT_5,ns-1690440796148727,,2024-02-08 01:00:00+00:00,2024-02-16 02:00:00+00:00,5,8 days 01:00:00,5,87.06974552957378,A100,y
run-pipeline-gpu-dzqlw-1162961189,task,PROJECT_5,ns-1690440796148727,TEAM_2,2024-03-15 07:00:00+00:00,2024-03-25 15:00:00+00:00,6,10 days 08:00:00,4,76.03600651769088,A100,y
run-pipeline-gpu-hbv98-3605332206,task,PROJECT_10,ns-16971081797966623,,2024-04-25 16:00:00+00:00,2024-04-26 00:00:00+00:00,1,0 days 08:00:00,5,98.71720899737034,A100,y
run-pipeline-gpu-tdn9x-3826168464,task,PROJECT_17,ns-16904374776309414,TEAM_3,2024-04-11 07:00:00+00:00,2024-04-16 13:00:00+00:00,5,5 days 06:00:00,3,53.06604226265558,A100,y
run-pipeline-gpu-249fz-1917604606,task,PROJECT_13,ns-16904409679649498,TEAM_1,2024-03-25 05:00:00+00:00,2024-05-20 00:00:00+00:00,8,55 days 19:00:00,4,74.40807798507463,A100,y
run-pipeline-gpu-m46vh-3517775556,task,PROJECT_13,ns-16904409679649498,TEAM_1,2024-02-08 00:00:00+00:00,2024-03-06 01:00:00+00:00,2,27 days 01:00:00,4,75.40088736702134,A100,y
run-pipeline-gpu-kb27t-3379495359,task,PROJECT_17,ns-16904374776309414,,2024-02-08 00:00:00+00:00,2024-03-05 05:00:00+00:00,1,26 days 05:00:00,4,68.49939107692305,A100,y
run-pipeline-gpu-vxk4g-2272960119,task,PROJECT_17,ns-16904374776309414,,2024-04-23 16:00:00+00:00,2024-04-25 02:00:00+00:00,8,1 days 10:00:00,4,69.37933692946059,A100,y
run-pipeline-gpu-mzxmw-1728086594,task,PROJECT_17,ns-16904374776309414,TEAM_3,2024-05-11 05:00:00+00:00,2024-05-13 14:00:00+00:00,4,2 days 09:00:00,4,70.84213703703708,A100,y
run-pipeline-gpu-fnld8-991320353,task,PROJECT_17,ns-16904374776309414,,2024-04-25 08:00:00+00:00,2024-04-25 16:00:00+00:00,4,0 days 08:00:00,4,67.42975059523809,A100,n
run-pipeline-gpu-dwdpk-1858045587,task,PROJECT_1,ns-16904458533318198,TEAM_2,2024-05-02 01:00:00+00:00,2024-05-03 02:00:00+00:00,4,1 days 01:00:00,1,0.0,A30,y
run-pipeline-gpu-2zm9z-2928502513,task,PROJECT_17,ns-16904374776309414,TEAM_3,2024-02-20 01:00:00+00:00,2024-02-22 00:00:00+00:00,1,1 days 23:00:00,1,0.0,A30,y
run-pipeline-gpu-sbk8h-2282085431,task,PROJECT_13,ns-16904409679649498,TEAM_1,2024-05-14 00:00:00+00:00,2024-05-19 10:00:00+00:00,4,5 days 10:00:00,1,0.0,A100,y
run-pipeline-gpu-n8z87-2676103458,task,PROJECT_13,ns-16904409679649498,TEAM_1,2024-04-29 23:00:00+00:00,2024-05-09 14:00:00+00:00,4,9 days 15:00:00,1,0.0,A100,y
run-pipeline-gpu-t7dvb-3880253144,task,PROJECT_13,ns-16904409679649498,TEAM_1,2024-03-27 08:00:00+00:00,2024-03-27 10:00:00+00:00,7,0 days 02:00:00,1,0.0,A100,y
run-pipeline-gpu-5rxcj-280418497,task,PROJECT_13,ns-16904409679649498,TEAM_1,2024-02-08 00:00:00+00:00,2024-02-16 00:00:00+00:00,8,8 days 00:00:00,4,75.83887563510379,A100,y
run-pipeline-gpu-vj5n4-2599679878,task,PROJECT_13,ns-16904409679649498,TEAM_1,2024-05-14 00:00:00+00:00,2024-05-15 00:00:00+00:00,4,1 days 00:00:00,4,74.48067361769358,A100,y
run-pipeline-gpu-t8f9p-304554660,task,PROJECT_17,ns-16904374776309414,TEAM_3,2024-04-01 01:00:00+00:00,2024-04-04 09:00:00+00:00,7,3 days 08:00:00,1,0.0,A100,y
run-pipeline-gpu-fsvst-120632241,task,PROJECT_17,ns-16904374776309414,TEAM_3,2024-02-08 00:00:00+00:00,2024-03-05 05:00:00+00:00,4,26 days 05:00:00,1,0.0,A100,n
run-pipeline-gpu-b7drh-3444738588,task,PROJECT_17,ns-16904374776309414,TEAM_3,2024-04-25 10:00:00+00:00,2024-05-20 00:00:00+00:00,8,24 days 14:00:00,1,0.0,A100,y
run-pipeline-gpu-b7kcj-3614906754,task,PROJECT_1,ns-16904458533318198,TEAM_2,2024-03-06 11:00:00+00:00,2024-03-07 05:00:00+00:00,4,0 days 18:00:00,5,100.0,A100,y
run-pipeline-gpu-cwpcn-377226272,task,PROJECT_17,ns-16904374776309414,TEAM_3,2024-02-08 06:00:00+00:00,2024-02-08 16:00:00+00:00,8,0 days 10:00:00,3,48.15248153846154,A100,n
run-pipeline-gpu-ff44j-3079852243,task,PROJECT_1,ns-16904458533318198,,2024-03-06 11:00:00+00:00,2024-03-07 05:00:00+00:00,1,0 days 18:00:00,1,0.0,A100,n
run-pipeline-gpu-jk789-511130492,task,PROJECT_1,ns-16904458533318198,,2024-03-07 06:00:00+00:00,2024-05-06 08:00:00+00:00,4,60 days 02:00:00,1,0.0,A100,n
run-pipeline-gpu-pzqs7-1201351252,task,PROJECT_4,ns-16904413105821052,TEAM_4,2024-03-11 05:00:00+00:00,2024-03-12 05:00:00+00:00,1,1 days 00:00:00,1,0.5572149999999995,A30,y
run-pipeline-gpu-2g9n4-268950333,task,PROJECT_1,ns-16904458533318198,TEAM_2,2024-05-08 03:00:00+00:00,2024-05-09 05:00:00+00:00,4,1 days 02:00:00,1,0.1735333333333333,A100,y
run-pipeline-gpu-sq4js-4215513372,task,PROJECT_13,ns-16904409679649498,TEAM_1,2024-03-28 02:00:00+00:00,2024-03-28 11:00:00+00:00,6,0 days 09:00:00,2,29.639472,A100,y
run-pipeline-gpu-xnpsz-830121636,task,PROJECT_13,ns-16904409679649498,TEAM_1,2024-03-07 06:00:00+00:00,2024-05-06 08:00:00+00:00,1,60 days 02:00:00,2,34.49949019274378,A100,y
run-pipeline-gpu-lq5c6-4242495716,task,PROJECT_13,ns-16904409679649498,TEAM_1,2024-02-28 04:00:00+00:00,2024-02-28 05:00:00+00:00,7,0 days 01:00:00,4,79.28603934681178,A100,n
run-pipeline-gpu-hlx6w-1170047220,task,PROJECT_1,ns-16904458533318198,TEAM_2,2024-04-19 05:00:00+00:00,2024-04-20 05:00:00+00:00,1,1 days 00:00:00,1,0.0,A30,y
run-pipeline-gpu-lwm5h-203195454,task,PROJECT_1,ns-16904458533318198,TEAM_2,2024-05-11 05:00:00+00:00,2024-05-13 14:00:00+00:00,4,2 days 09:00:00,5,96.45448388059698,A100,n
run-pipeline-gpu-rm2rv-1167110538,task,PROJECT_13,ns-16904409679649498,TEAM_1,2024-03-20 06:00:00+00:00,2024-03-21 06:00:00+00:00,3,1 days 00:00:00,3,45.68188057851241,A30,n
run-pipeline-gpu-w4475-3615018934,task,PROJECT_13,ns-16904409679649498,TEAM_1,2024-04-10 02:00:00+00:00,2024-04-11 02:00:00+00:00,1,1 days 00:00:00,3,48.389502247191,A30,n
run-pipeline-gpu-6pclb-2524450674,task,PROJECT_13,ns-16904409679649498,TEAM_1,2024-03-06 11:00:00+00:00,2024-03-07 05:00:00+00:00,2,0 days 18:00:00,4,65.75052597402602,A100,y
run-pipeline-gpu-qmx54-2022652188,task,PROJECT_13,ns-16904409679649498,TEAM_1,2024-05-15 06:00:00+00:00,2024-05-16 06:00:00+00:00,2,1 days 00:00:00,2,31.79245072463769,A30,y
run-pipeline-gpu-6ql2z-47053424,task,PROJECT_13,ns-16904409679649498,TEAM_1,2024-03-29 11:00:00+00:00,2024-04-25 11:00:00+00:00,6,27 days 00:00:00,5,88.84465900000004,A100,y
run-pipeline-gpu-tz82p-1112139773,task,PROJECT_13,ns-16904409679649498,TEAM_1,2024-03-07 06:00:00+00:00,2024-05-09 21:00:00+00:00,2,63 days 15:00:00,5,80.98754064303374,A100,y
run-pipeline-gpu-4nkqq-346609950,task,PROJECT_13,ns-16904409679649498,TEAM_1,2024-04-19 01:00:00+00:00,2024-04-20 01:00:00+00:00,1,1 days 00:00:00,3,49.95098103044496,A30,y
run-pipeline-gpu-lf7vc-27533901,task,PROJECT_2,ns-16909377696061704,TEAM_1,2024-04-09 06:00:00+00:00,2024-04-22 08:00:00+00:00,1,13 days 02:00:00,5,80.61975326012343,A100,n
run-pipeline-gpu-99pnm-2110579444,task,PROJECT_13,ns-16904409679649498,TEAM_1,2024-03-06 11:00:00+00:00,2024-03-07 00:00:00+00:00,2,0 days 13:00:00,4,61.76040821917809,A100,y
run-pipeline-gpu-cxq25-2788092908,task,PROJECT_17,ns-16904374776309414,TEAM_3,2024-05-18 00:00:00+00:00,2024-05-19 00:00:00+00:00,4,1 days 00:00:00,5,98.23517346938772,A100,n
run-pipeline-gpu-4vp9q-2824256533,task,PROJECT_13,ns-16904409679649498,TEAM_1,2024-03-06 11:00:00+00:00,2024-03-07 00:00:00+00:00,8,0 days 13:00:00,5,97.1833469135803,A100,y
run-pipeline-gpu-4pbf4-2042923357,task,PROJECT_17,ns-16904374776309414,TEAM_3,2024-02-27 02:00:00+00:00,2024-02-28 02:00:00+00:00,1,1 days 00:00:00,1,0.9373641025641029,A30,y
run-pipeline-gpu-hdxcg-3799891687,task,PROJECT_17,ns-16904374776309414,TEAM_3,2024-03-08 02:00:00+00:00,2024-03-09 02:00:00+00:00,3,1 days 00:00:00,4,71.98893846153847,A30,y
run-pipeline-gpu-p57rk-1836437728,task,PROJECT_13,ns-16904409679649498,TEAM_1,2024-05-15 23:00:00+00:00,2024-05-16 23:00:00+00:00,1,1 days 00:00:00,3,54.16691594488183,A30,y
run-pipeline-gpu-986dx-1821147938,task,PROJECT_17,ns-16904374776309414,TEAM_3,2024-04-16 00:00:00+00:00,2024-04-25 11:00:00+00:00,4,9 days 11:00:00,3,46.23225827464791,A100,y
run-pipeline-gpu-pkn5k-2293202526,task,PROJECT_17,ns-16904374776309414,TEAM_3,2024-04-11 02:00:00+00:00,2024-04-16 09:00:00+00:00,3,5 days 07:00:00,1,0.0,A30,y
run-pipeline-gpu-nxw68-2238497002,task,PROJECT_13,ns-16904409679649498,TEAM_1,2024-04-16 10:00:00+00:00,2024-04-19 00:00:00+00:00,3,2 days 14:00:00,5,98.18592499999998,A30,y
run-pipeline-gpu-mbjlq-2199334477,task,PROJECT_17,ns-16904374776309414,TEAM_3,2024-03-11 09:00:00+00:00,2024-03-12 10:00:00+00:00,3,1 days 01:00:00,4,79.49801126760563,A30,y
run-pipeline-gpu-46rld-602076289,task,PROJECT_13,ns-16904409679649498,TEAM_1,2024-03-22 09:00:00+00:00,2024-03-23 09:00:00+00:00,4,1 days 00:00:00,5,97.15401,A30,y
run-pipeline-gpu-46s9c-67508572,task,PROJECT_13,ns-16904409679649498,TEAM_1,2024-05-19 10:00:00+00:00,2024-05-20 00:00:00+00:00,4,0 days 14:00:00,2,23.666215384615377,A100,n
run-pipeline-gpu-5brzp-577411358,task,PROJECT_13,ns-16904409679649498,TEAM_1,2024-02-08 00:00:00+00:00,2024-02-25 17:00:00+00:00,7,17 days 17:00:00,5,95.5050432125473,A100,y
run-pipeline-gpu-6tgb8-2521588706,task,PROJECT_13,ns-16904409679649498,,2024-03-04 03:00:00+00:00,2024-03-06 01:00:00+00:00,8,1 days 22:00:00,5,95.58256951813726,A100,y
run-pipeline-gpu-mcfj5-3790648592,task,PROJECT_13,ns-16904409679649498,TEAM_1,2024-03-24 09:00:00+00:00,2024-03-25 09:00:00+00:00,4,1 days 00:00:00,5,96.7028349480969,A30,y
run-pipeline-gpu-htrtb-3514714329,task,PROJECT_13,ns-16904409679649498,TEAM_1,2024-02-28 01:00:00+00:00,2024-02-28 02:00:00+00:00,3,0 days 01:00:00,4,72.12037400722024,A100,n
run-pipeline-gpu-q8vbq-2566611081,task,PROJECT_13,ns-16904409679649498,TEAM_1,2024-02-22 07:00:00+00:00,2024-03-06 01:00:00+00:00,8,12 days 18:00:00,1,0.0,A100,y
run-pipeline-gpu-7kdt4-947760339,task,PROJECT_13,ns-16904409679649498,TEAM_1,2024-05-14 00:00:00+00:00,2024-05-19 10:00:00+00:00,4,5 days 10:00:00,4,74.26258247422683,A100,y
run-pipeline-gpu-d4g2l-1314559116,task,PROJECT_13,ns-16904409679649498,TEAM_1,2024-02-08 00:00:00+00:00,2024-02-08 21:00:00+00:00,4,0 days 21:00:00,5,96.8216,A100,y
run-pipeline-gpu-9pkrt-881083773,task,PROJECT_13,ns-16904409679649498,TEAM_1,2024-03-19 03:00:00+00:00,2024-03-20 03:00:00+00:00,2,1 days 00:00:00,4,75.43938620689656,A100,n
run-pipeline-gpu-dt55x-1628821327,task,PROJECT_13,ns-16904409679649498,TEAM_1,2024-03-06 11:00:00+00:00,2024-03-07 00:00:00+00:00,8,0 days 13:00:00,4,75.6924838337182,A100,y
run-pipeline-gpu-mbfp8-2125459996,task,PROJECT_2,ns-16909377696061704,TEAM_1,2024-04-01 01:00:00+00:00,2024-05-20 00:00:00+00:00,4,48 days 23:00:00,4,74.1799421245421,A100,y
run-pipeline-gpu-sm76l-3164891348,task,PROJECT_13,ns-16904409679649498,TEAM_1,2024-03-19 03:00:00+00:00,2024-03-20 03:00:00+00:00,8,1 days 00:00:00,4,73.00023450704208,A100,n
run-pipeline-gpu-z4hc6-3142920312,task,PROJECT_13,ns-16904409679649498,TEAM_1,2024-02-26 02:00:00+00:00,2024-02-27 00:00:00+00:00,3,0 days 22:00:00,5,99.098683935743,A30,y
run-pipeline-gpu-zwfd5-1679737841,task,PROJECT_13,ns-16904409679649498,TEAM_1,2024-02-19 00:00:00+00:00,2024-02-21 00:00:00+00:00,2,2 days 00:00:00,1,14.2789234741784,A30,y
run-pipeline-gpu-5q9nj-652192610,task,PROJECT_13,ns-16904409679649498,TEAM_1,2024-05-07 00:00:00+00:00,2024-05-08 00:00:00+00:00,3,1 days 00:00:00,1,6.548392035398234,A30,n
run-pipeline-gpu-8th7f-3514670650,task,PROJECT_2,ns-16909377696061704,TEAM_1,2024-04-09 06:00:00+00:00,2024-04-22 08:00:00+00:00,2,13 days 02:00:00,5,81.3906361622698,A100,n
run-pipeline-gpu-lj484-3628558047,task,PROJECT_13,ns-16904409679649498,TEAM_1,2024-02-22 08:00:00+00:00,2024-02-29 08:00:00+00:00,7,7 days 00:00:00,5,80.25230062597802,A100,n
run-pipeline-gpu-4q4ks-962390192,task,PROJECT_13,ns-16904409679649498,TEAM_1,2024-05-08 10:00:00+00:00,2024-05-09 10:00:00+00:00,4,1 days 00:00:00,1,0.0,A30,y
run-pipeline-gpu-p6wm9-4237331130,task,PROJECT_13,ns-16904409679649498,TEAM_1,2024-05-10 02:00:00+00:00,2024-05-11 02:00:00+00:00,4,1 days 00:00:00,4,65.654024137931,A30,y
run-pipeline-gpu-2cnh8-111822940,task,PROJECT_13,ns-16904409679649498,TEAM_1,2024-04-04 09:00:00+00:00,2024-04-11 05:00:00+00:00,6,6 days 20:00:00,3,54.17801041666668,A100,y
run-pipeline-gpu-hndcn-327083716,task,PROJECT_13,ns-16904409679649498,TEAM_1,2024-02-08 00:00:00+00:00,2024-03-06 01:00:00+00:00,4,27 days 01:00:00,5,92.0407025830259,A100,y
run-pipeline-gpu-9tzlh-1719621050,task,PROJECT_17,ns-16904374776309414,TEAM_3,2024-02-17 04:00:00+00:00,2024-02-19 00:00:00+00:00,5,1 days 20:00:00,2,28.77252239925024,A100,y
run-pipeline-gpu-x8wqj-3920677999,task,PROJECT_13,ns-16904409679649498,TEAM_1,2024-03-18 05:00:00+00:00,2024-03-19 05:00:00+00:00,4,1 days 00:00:00,3,53.88705644171776,A30,n
run-pipeline-gpu-flk62-1199582912,task,PROJECT_13,ns-16904409679649498,TEAM_1,2024-02-14 02:00:00+00:00,2024-02-14 05:00:00+00:00,2,0 days 03:00:00,1,0.0,A30,n
run-pipeline-gpu-5pv6q-1924182953,task,PROJECT_13,ns-16904409679649498,TEAM_1,2024-03-04 06:00:00+00:00,2024-03-04 07:00:00+00:00,3,0 days 01:00:00,2,33.249382560296894,A30,y
run-pipeline-gpu-cznws-151652140,task,PROJECT_17,ns-16904374776309414,TEAM_3,2024-04-19 08:00:00+00:00,2024-04-21 05:00:00+00:00,7,1 days 21:00:00,2,28.37292769291036,A100,y
run-pipeline-gpu-p9ggm-216987153,task,PROJECT_13,ns-16904409679649498,TEAM_1,2024-04-22 02:00:00+00:00,2024-04-23 02:00:00+00:00,2,1 days 00:00:00,2,31.27976851211076,A30,y
run-pipeline-gpu-5fx6d-1307008704,task,PROJECT_2,ns-16909377696061704,TEAM_1,2024-02-28 20:00:00+00:00,2024-03-04 02:00:00+00:00,3,4 days 06:00:00,5,82.30537392959089,A100,n
run-pipeline-gpu-mtrnc-461812747,task,PROJECT_13,ns-16904409679649498,TEAM_1,2024-03-12 01:00:00+00:00,2024-03-15 01:00:00+00:00,3,3 days 00:00:00,5,91.63226933333334,A30,n
run-pipeline-gpu-82jgn-3511824822,task,PROJECT_13,ns-16904409679649498,TEAM_1,2024-02-13 03:00:00+00:00,2024-02-27 00:00:00+00:00,4,13 days 21:00:00,2,22.7114,A100,y
run-pipeline-gpu-rvpms-439587089,task,PROJECT_4,ns-16904413105821052,,2024-02-08 00:00:00+00:00,2024-02-08 08:00:00+00:00,4,0 days 08:00:00,1,0.0,A30,n
run-pipeline-gpu-mngfc-883818940,task,PROJECT_13,ns-16904409679649498,TEAM_1,2024-03-27 06:00:00+00:00,2024-03-27 07:00:00+00:00,6,0 days 01:00:00,5,96.75775852047558,A100,y
run-pipeline-gpu-wzvmv-3471391159,task,PROJECT_17,ns-16904374776309414,TEAM_3,2024-03-21 10:00:00+00:00,2024-03-22 10:00:00+00:00,3,1 days 00:00:00,4,70.09724745762712,A30,n
run-pipeline-gpu-95q2c-2234484543,task,PROJECT_13,ns-16904409679649498,TEAM_1,2024-04-25 16:00:00+00:00,2024-04-26 00:00:00+00:00,4,0 days 08:00:00,5,99.3342525062659,A100,n
run-pipeline-gpu-cj2dp-922712330,task,PROJECT_1,ns-16904458533318198,,2024-02-28 07:00:00+00:00,2024-03-03 15:00:00+00:00,4,4 days 08:00:00,2,32.6173,A100,n
run-pipeline-gpu-7956g-818070845,task,PROJECT_1,ns-16904458533318198,,2024-02-28 07:00:00+00:00,2024-03-03 15:00:00+00:00,5,4 days 08:00:00,1,12.667158823529409,A100,y
run-pipeline-gpu-p468s-2343969592,task,PROJECT_17,ns-16904374776309414,TEAM_3,2024-02-28 07:00:00+00:00,2024-03-04 02:00:00+00:00,7,4 days 19:00:00,1,0.0,A100,y
run-pipeline-gpu-mcm5b-2476492573,task,PROJECT_17,ns-16904374776309414,TEAM_3,2024-03-04 00:00:00+00:00,2024-03-06 01:00:00+00:00,4,2 days 01:00:00,4,72.49528101265822,A100,n
run-pipeline-gpu-mtvlb-2351174112,task,PROJECT_17,ns-16904374776309414,TEAM_3,2024-03-04 05:00:00+00:00,2024-03-06 01:00:00+00:00,7,1 days 20:00:00,4,78.15760833333333,A100,n
run-pipeline-gpu-cqvdx-3691269499,task,PROJECT_1,ns-16904458533318198,,2024-03-04 00:00:00+00:00,2024-03-06 01:00:00+00:00,5,2 days 01:00:00,4,77.79573863636365,A100,y
run-pipeline-gpu-5rmzk-3152839422,task,PROJECT_13,ns-16904409679649498,TEAM_1,2024-03-06 11:00:00+00:00,2024-03-07 00:00:00+00:00,7,0 days 13:00:00,5,92.47701158376944,A100,y
run-pipeline-gpu-lclbx-3893803466,task,PROJECT_17,ns-16904374776309414,TEAM_3,2024-03-06 11:00:00+00:00,2024-03-07 00:00:00+00:00,4,0 days 13:00:00,5,96.5697,A100,y
run-pipeline-gpu-dcqsc-909328375,task,PROJECT_13,ns-16904409679649498,TEAM_1,2024-04-06 13:00:00+00:00,2024-04-07 13:00:00+00:00,3,1 days 00:00:00,3,53.10361295652175,A30,y
run-pipeline-gpu-mgcww-1090067804,task,PROJECT_17,ns-16904374776309414,TEAM_3,2024-03-07 01:00:00+00:00,2024-03-07 05:00:00+00:00,4,0 days 04:00:00,1,0.0,A100,y
run-pipeline-gpu-764zd-3791762826,task,PROJECT_13,ns-16904409679649498,TEAM_1,2024-03-06 11:00:00+00:00,2024-03-07 00:00:00+00:00,5,0 days 13:00:00,4,69.57614358974357,A100,y
run-pipeline-gpu-r5dvd-3857918682,task,PROJECT_17,ns-16904374776309414,TEAM_3,2024-03-06 11:00:00+00:00,2024-03-07 00:00:00+00:00,7,0 days 13:00:00,5,92.5783,A100,y
run-pipeline-gpu-d85l2-3063364838,task,PROJECT_17,ns-16904374776309414,,2024-03-07 01:00:00+00:00,2024-03-07 02:00:00+00:00,7,0 days 01:00:00,5,91.6874730769231,A100,y
run-pipeline-gpu-76vz4-4096852664,task,PROJECT_13,ns-16904409679649498,TEAM_1,2024-04-29 07:00:00+00:00,2024-04-30 06:00:00+00:00,1,0 days 23:00:00,3,55.060162077922016,A30,y
run-pipeline-gpu-kzhj4-3456783790,task,PROJECT_13,ns-16904409679649498,TEAM_1,2024-05-12 13:00:00+00:00,2024-05-12 20:00:00+00:00,2,0 days 07:00:00,5,82.563354674221,A100,y
run-pipeline-gpu-df8n6-3960466275,task,PROJECT_13,ns-16904409679649498,TEAM_1,2024-03-19 07:00:00+00:00,2024-03-20 07:00:00+00:00,4,1 days 00:00:00,1,1.7142512048192764,A30,y
run-pipeline-gpu-qj97l-3470366462,task,PROJECT_13,ns-16904409679649498,TEAM_1,2024-03-08 00:00:00+00:00,2024-03-08 01:00:00+00:00,7,0 days 01:00:00,1,0.8758631016042792,A100,n
run-pipeline-gpu-2bswz-48392133,task,PROJECT_2,ns-16909377696061704,TEAM_1,2024-02-26 05:00:00+00:00,2024-02-26 23:00:00+00:00,4,0 days 18:00:00,5,82.80916236024831,A100,y
run-pipeline-gpu-fvrwg-3472182721,task,PROJECT_13,ns-16904409679649498,TEAM_1,2024-04-25 01:00:00+00:00,2024-04-26 01:00:00+00:00,2,1 days 00:00:00,1,0.0,A30,y
run-pipeline-gpu-6v8q5-424948519,task,PROJECT_13,ns-16904409679649498,TEAM_1,2024-04-23 08:00:00+00:00,2024-04-24 08:00:00+00:00,3,1 days 00:00:00,3,57.79706197654939,A30,y
run-pipeline-gpu-rbfz5-333215584,task,PROJECT_17,ns-16904374776309414,,2024-03-07 06:00:00+00:00,2024-03-25 02:00:00+00:00,4,17 days 20:00:00,1,0.0,A100,n
run-pipeline-gpu-cpthh-1789610334,task,PROJECT_1,ns-16904458533318198,TEAM_2,2024-03-25 05:00:00+00:00,2024-05-20 00:00:00+00:00,4,55 days 19:00:00,1,0.0,A100,y
run-pipeline-gpu-twzkn-2040448825,task,PROJECT_13,ns-16904409679649498,TEAM_1,2024-03-07 06:00:00+00:00,2024-05-06 08:00:00+00:00,4,60 days 02:00:00,1,0.0,A100,n
run-pipeline-gpu-zfggz-1842294677,task,PROJECT_13,ns-16904409679649498,TEAM_1,2024-05-17 05:00:00+00:00,2024-05-18 04:00:00+00:00,1,0 days 23:00:00,3,49.58440433526013,A30,y
run-pipeline-gpu-m2dbz-3270852346,task,PROJECT_13,ns-16904409679649498,TEAM_1,2024-03-22 06:00:00+00:00,2024-03-23 06:00:00+00:00,4,1 days 00:00:00,1,0.0,A30,n
run-pipeline-gpu-kszt7-3240447802,task,PROJECT_17,ns-16904374776309414,,2024-03-10 05:00:00+00:00,2024-03-14 20:00:00+00:00,7,4 days 15:00:00,2,21.805546666666665,A100,y
run-pipeline-gpu-59qgh-2221250367,task,PROJECT_17,ns-16904374776309414,TEAM_3,2024-03-15 07:00:00+00:00,2024-04-07 04:00:00+00:00,7,22 days 21:00:00,5,83.40266567164176,A100,y
run-pipeline-gpu-4tbc9-1774180843,task,PROJECT_13,ns-16904409679649498,TEAM_1,2024-03-27 08:00:00+00:00,2024-03-27 10:00:00+00:00,6,0 days 02:00:00,2,24.847087500000004,A100,y
run-pipeline-gpu-dlxcs-3750760639,task,PROJECT_17,ns-16904374776309414,TEAM_3,2024-04-21 10:00:00+00:00,2024-04-23 04:00:00+00:00,4,1 days 18:00:00,4,67.402875,A30,y
run-pipeline-gpu-t6dns-976891770,task,PROJECT_13,ns-16904409679649498,TEAM_1,2024-03-19 12:00:00+00:00,2024-04-08 20:00:00+00:00,8,20 days 08:00:00,1,0.0,A100,y
run-pipeline-gpu-z69vt-1590214906,task,PROJECT_17,ns-16904374776309414,TEAM_3,2024-02-28 05:00:00+00:00,2024-02-29 05:00:00+00:00,2,1 days 00:00:00,5,88.73320659898476,A30,n
run-pipeline-gpu-6kssc-4256735251,task,PROJECT_13,ns-16904409679649498,TEAM_1,2024-04-09 00:00:00+00:00,2024-04-21 19:00:00+00:00,8,12 days 19:00:00,5,89.89253333333335,A100,n
run-pipeline-gpu-qx4cf-3764207183,task,PROJECT_13,ns-16904409679649498,TEAM_1,2024-04-11 07:00:00+00:00,2024-04-16 13:00:00+00:00,6,5 days 06:00:00,5,99.6007677136104,A100,y
run-pipeline-gpu-kbfzg-471070835,task,PROJECT_13,ns-16904409679649498,TEAM_1,2024-04-09 06:00:00+00:00,2024-04-22 08:00:00+00:00,3,13 days 02:00:00,3,47.17260833333332,A100,n
run-pipeline-gpu-29bzk-2417305075,task,PROJECT_17,ns-16904374776309414,TEAM_3,2024-02-22 03:00:00+00:00,2024-02-23 20:00:00+00:00,5,1 days 17:00:00,1,0.0,A100,y
run-pipeline-gpu-mlzrx-1891767276,task,PROJECT_13,ns-16904409679649498,TEAM_1,2024-04-25 10:00:00+00:00,2024-05-20 00:00:00+00:00,8,24 days 14:00:00,5,89.92482892193277,A100,y
run-pipeline-gpu-9lw2b-2644898883,task,PROJECT_13,ns-16904409679649498,TEAM_1,2024-04-16 00:00:00+00:00,2024-04-25 11:00:00+00:00,7,9 days 11:00:00,5,93.07492774436103,A100,y
run-pipeline-gpu-pf4z8-1364262505,task,PROJECT_17,ns-16904374776309414,TEAM_3,2024-03-09 08:00:00+00:00,2024-03-10 08:00:00+00:00,2,1 days 00:00:00,4,77.11714019138749,A30,y
run-pipeline-gpu-h9lqb-2829638815,task,PROJECT_13,ns-16904409679649498,TEAM_1,2024-04-13 01:00:00+00:00,2024-04-28 05:00:00+00:00,6,15 days 04:00:00,4,68.71199133333319,A100,n
run-pipeline-gpu-cnb6t-2239293692,task,PROJECT_13,ns-16904409679649498,TEAM_1,2024-03-25 00:00:00+00:00,2024-03-29 00:00:00+00:00,4,4 days 00:00:00,3,53.20018567639252,A30,n
run-pipeline-gpu-p4f6v-1116444571,task,PROJECT_13,ns-16904409679649498,TEAM_1,2024-04-02 07:00:00+00:00,2024-04-03 05:00:00+00:00,4,0 days 22:00:00,3,58.69450398322847,A30,y
run-pipeline-gpu-mdx4s-1168587679,task,PROJECT_13,ns-16904409679649498,TEAM_1,2024-02-08 05:00:00+00:00,2024-02-09 05:00:00+00:00,1,1 days 00:00:00,5,93.2759311850312,A30,n
run-pipeline-gpu-tnpvx-3557156973,task,PROJECT_13,ns-16904409679649498,TEAM_1,2024-05-07 15:00:00+00:00,2024-05-08 12:00:00+00:00,3,0 days 21:00:00,4,64.50380188356185,A30,y
run-pipeline-gpu-jlbhf-3234668083,task,PROJECT_13,ns-16904409679649498,TEAM_1,2024-02-11 08:00:00+00:00,2024-02-12 08:00:00+00:00,4,1 days 00:00:00,2,34.36503141361258,A30,y
run-pipeline-gpu-g55qp-3899501611,task,PROJECT_13,ns-16904409679649498,TEAM_1,2024-05-17 05:00:00+00:00,2024-05-19 10:00:00+00:00,4,2 days 05:00:00,3,44.34300207253887,A100,y
run-pipeline-gpu-q6k47-2102910114,task,PROJECT_13,ns-16904409679649498,,2024-05-14 03:00:00+00:00,2024-05-14 05:00:00+00:00,2,0 days 02:00:00,5,80.08150241228078,A100,n
run-pipeline-gpu-fc5k7-3174162485,task,PROJECT_13,ns-16904409679649498,TEAM_1,2024-05-07 00:00:00+00:00,2024-05-15 01:00:00+00:00,4,8 days 01:00:00,4,76.95327875000002,A100,n
run-pipeline-gpu-pz2zc-2341084632,task,PROJECT_13,ns-16904409679649498,,2024-03-08 02:00:00+00:00,2024-03-14 07:00:00+00:00,5,6 days 05:00:00,5,92.26178699072794,A100,y
run-pipeline-gpu-x5md5-3046812994,task,PROJECT_13,ns-16904409679649498,TEAM_1,2024-02-29 06:00:00+00:00,2024-03-01 06:00:00+00:00,2,1 days 00:00:00,1,0.0,A30,n
run-pipeline-gpu-cpkc7-2132720507,task,PROJECT_13,ns-16904409679649498,TEAM_1,2024-04-30 01:00:00+00:00,2024-05-01 02:00:00+00:00,3,1 days 01:00:00,4,60.74764085778792,A30,y
run-pipeline-gpu-xxrgv-1564867432,task,PROJECT_13,ns-16904409679649498,TEAM_1,2024-04-29 10:00:00+00:00,2024-05-01 20:00:00+00:00,8,2 days 10:00:00,4,75.72098819188186,A100,n
run-pipeline-gpu-7lclx-2142901245,task,PROJECT_13,ns-16904409679649498,TEAM_1,2024-05-16 17:00:00+00:00,2024-05-18 05:00:00+00:00,3,1 days 12:00:00,4,73.88930851063826,A100,y
run-pipeline-gpu-xzlvm-3417980908,task,PROJECT_13,ns-16904409679649498,TEAM_1,2024-05-19 17:00:00+00:00,2024-05-20 00:00:00+00:00,4,0 days 07:00:00,3,48.72064857142858,A100,y
run-pipeline-gpu-mrx4s-1484515517,task,PROJECT_13,ns-16904409679649498,TEAM_1,2024-05-16 14:00:00+00:00,2024-05-17 06:00:00+00:00,4,0 days 16:00:00,4,67.90341685823753,A100,y
run-pipeline-gpu-bkjkr-183184999,task,PROJECT_13,ns-16904409679649498,TEAM_1,2024-03-07 06:00:00+00:00,2024-03-25 02:00:00+00:00,5,17 days 20:00:00,4,71.91870000000002,A100,n
run-pipeline-gpu-9cb4p-1757353259,task,PROJECT_13,ns-16904409679649498,TEAM_1,2024-02-08 00:00:00+00:00,2024-03-01 12:00:00+00:00,4,22 days 12:00:00,4,67.12875869565218,A100,y
run-pipeline-gpu-nvg7l-1828564311,task,PROJECT_13,ns-16904409679649498,TEAM_1,2024-03-07 01:00:00+00:00,2024-03-07 05:00:00+00:00,7,0 days 04:00:00,4,69.72858484848483,A100,y
run-pipeline-gpu-7bm6z-4041400377,task,PROJECT_13,ns-16904409679649498,TEAM_1,2024-02-08 00:00:00+00:00,2024-02-16 00:00:00+00:00,3,8 days 00:00:00,2,30.481667391304352,A100,y
run-pipeline-gpu-4fw4s-176198363,task,PROJECT_13,ns-16904409679649498,TEAM_1,2024-03-25 05:00:00+00:00,2024-03-27 04:00:00+00:00,5,1 days 23:00:00,2,35.20086444444445,A100,y
run-pipeline-gpu-k279x-435367196,task,PROJECT_13,ns-16904409679649498,TEAM_1,2024-05-14 06:00:00+00:00,2024-05-14 08:00:00+00:00,2,0 days 02:00:00,4,70.93055227272733,A100,y
run-pipeline-gpu-9c4zx-2993344091,task,PROJECT_2,ns-16909377696061704,TEAM_1,2024-03-26 08:00:00+00:00,2024-03-26 09:00:00+00:00,6,0 days 01:00:00,5,83.0690897922636,A100,y
run-pipeline-gpu-h87tp-2292586306,task,PROJECT_4,ns-16904413105821052,TEAM_4,2024-03-04 00:00:00+00:00,2024-03-06 01:00:00+00:00,4,2 days 01:00:00,1,0.0,A100,y
run-pipeline-gpu-5jjpb-2382441466,task,PROJECT_4,ns-16904413105821052,TEAM_4,2024-04-01 01:00:00+00:00,2024-04-02 01:00:00+00:00,1,1 days 00:00:00,1,0.0,A30,y
run-pipeline-gpu-g4qgc-2834592541,task,PROJECT_13,ns-16904409679649498,TEAM_1,2024-02-08 01:00:00+00:00,2024-02-16 00:00:00+00:00,4,7 days 23:00:00,3,52.34075348837209,A100,y
run-pipeline-gpu-nkzkv-3657696935,task,PROJECT_13,ns-16904409679649498,TEAM_1,2024-03-07 01:00:00+00:00,2024-03-07 03:00:00+00:00,5,0 days 02:00:00,1,14.438710869565224,A100,y
run-pipeline-gpu-hncvb-2387745484,task,PROJECT_13,ns-16904409679649498,TEAM_1,2024-04-29 23:00:00+00:00,2024-05-09 14:00:00+00:00,6,9 days 15:00:00,5,96.20691242740992,A100,y
run-pipeline-gpu-826hk-1474967838,task,PROJECT_13,ns-16904409679649498,TEAM_1,2024-05-10 03:00:00+00:00,2024-05-11 03:00:00+00:00,3,1 days 00:00:00,1,2.91099801980198,A30,y
run-pipeline-gpu-w5kwp-2895921023,task,PROJECT_13,ns-16904409679649498,TEAM_1,2024-05-16 14:00:00+00:00,2024-05-17 06:00:00+00:00,2,0 days 16:00:00,4,70.4511422222222,A100,n
run-pipeline-gpu-4jx78-2326148594,task,PROJECT_13,ns-16904409679649498,TEAM_1,2024-03-07 08:00:00+00:00,2024-03-26 06:00:00+00:00,5,18 days 22:00:00,4,63.56810882352944,A100,y
run-pipeline-gpu-2vk82-2772670268,task,PROJECT_13,ns-16904409679649498,TEAM_1,2024-03-27 05:00:00+00:00,2024-05-20 00:00:00+00:00,5,53 days 19:00:00,1,4.47812178217822,A100,n
run-pipeline-gpu-vh48v-4161684797,task,PROJECT_13,ns-16904409679649498,TEAM_1,2024-03-06 11:00:00+00:00,2024-03-07 00:00:00+00:00,4,0 days 13:00:00,4,72.0812396039604,A100,n
run-pipeline-gpu-vdvrm-1573875290,task,PROJECT_13,ns-16904409679649498,TEAM_1,2024-03-06 11:00:00+00:00,2024-03-07 00:00:00+00:00,3,0 days 13:00:00,2,24.68350896551725,A100,y
run-pipeline-gpu-ndmtp-2220204154,task,PROJECT_13,ns-16904409679649498,TEAM_1,2024-03-25 00:00:00+00:00,2024-03-26 00:00:00+00:00,2,1 days 00:00:00,2,34.45397736842104,A30,n
run-pipeline-gpu-8fz2m-3120019794,task,PROJECT_1,ns-16904458533318198,TEAM_2,2024-05-17 23:00:00+00:00,2024-05-18 12:00:00+00:00,2,0 days 13:00:00,1,0.0,A100,n
run-pipeline-gpu-4vk2f-731439944,task,PROJECT_1,ns-16904458533318198,,2024-02-08 02:00:00+00:00,2024-02-08 05:00:00+00:00,4,0 days 03:00:00,1,0.0,A100,y
run-pipeline-gpu-clhnk-1829672999,task,PROJECT_13,ns-16904409679649498,TEAM_1,2024-02-08 00:00:00+00:00,2024-02-27 00:00:00+00:00,5,19 days 00:00:00,4,64.13745490196074,A100,y
run-pipeline-gpu-p7f7j-351015129,task,PROJECT_13,ns-16904409679649498,TEAM_1,2024-04-01 00:00:00+00:00,2024-04-02 00:00:00+00:00,5,1 days 00:00:00,2,30.429464220183476,A100,y
run-pipeline-gpu-zhd7x-482888682,task,PROJECT_13,ns-16904409679649498,TEAM_1,2024-04-22 00:00:00+00:00,2024-04-24 02:00:00+00:00,7,2 days 02:00:00,2,35.21924166666668,A100,n
run-pipeline-gpu-9hfv4-2070089656,task,PROJECT_1,ns-16904458533318198,TEAM_2,2024-03-19 03:00:00+00:00,2024-03-20 03:00:00+00:00,3,1 days 00:00:00,1,0.0,A100,y
run-pipeline-gpu-5nwn5-2647425578,task,PROJECT_1,ns-16904458533318198,TEAM_2,2024-02-26 15:00:00+00:00,2024-02-27 18:00:00+00:00,5,1 days 03:00:00,1,0.0,A100,n
run-pipeline-gpu-pmjr7-3912179269,task,PROJECT_1,ns-16904458533318198,TEAM_2,2024-04-09 06:00:00+00:00,2024-04-22 08:00:00+00:00,3,13 days 02:00:00,1,0.0,A100,n
run-pipeline-gpu-9mw92-3717946137,task,PROJECT_1,ns-16904458533318198,,2024-02-16 01:00:00+00:00,2024-03-06 01:00:00+00:00,4,19 days 00:00:00,1,0.0,A100,n
run-pipeline-gpu-qbd6p-1169999936,task,PROJECT_1,ns-16904458533318198,TEAM_2,2024-02-28 20:00:00+00:00,2024-02-29 07:00:00+00:00,5,0 days 11:00:00,1,0.0,A100,y
run-pipeline-gpu-qzc8m-3277043400,task,PROJECT_1,ns-16904458533318198,,2024-02-08 00:00:00+00:00,2024-02-22 03:00:00+00:00,7,14 days 03:00:00,1,0.0,A100,n
run-pipeline-gpu-wvzm6-3847656535,task,PROJECT_1,ns-16904458533318198,,2024-03-06 11:00:00+00:00,2024-03-07 00:00:00+00:00,4,0 days 13:00:00,1,0.0,A100,y
run-pipeline-gpu-fftp4-1617571953,task,PROJECT_13,ns-16904409679649498,TEAM_1,2024-02-26 05:00:00+00:00,2024-02-26 23:00:00+00:00,8,0 days 18:00:00,5,92.7952108108108,A100,y
run-pipeline-gpu-8f9bl-2129316468,task,PROJECT_13,ns-16904409679649498,TEAM_1,2024-02-22 09:00:00+00:00,2024-03-06 01:00:00+00:00,7,12 days 16:00:00,4,75.83308902439025,A100,y
run-pipeline-gpu-sqx2x-925940323,task,PROJECT_13,ns-16904409679649498,TEAM_1,2024-04-29 23:00:00+00:00,2024-05-04 01:00:00+00:00,7,4 days 02:00:00,1,0.0,A100,y
run-pipeline-gpu-cmfk4-4275231030,task,PROJECT_13,ns-16904409679649498,TEAM_1,2024-04-04 03:00:00+00:00,2024-04-05 01:00:00+00:00,5,0 days 22:00:00,1,0.0,A100,y
run-pipeline-gpu-9qshj-2061954654,task,PROJECT_13,ns-16904409679649498,TEAM_1,2024-04-05 02:00:00+00:00,2024-04-08 00:00:00+00:00,5,2 days 22:00:00,1,0.0,A100,y
run-pipeline-gpu-4lwsv-1962454033,task,PROJECT_13,ns-16904409679649498,TEAM_1,2024-04-30 02:00:00+00:00,2024-05-01 02:00:00+00:00,3,1 days 00:00:00,1,0.4472594059405939,A30,y
run-pipeline-gpu-82f9j-1448121028,task,PROJECT_13,ns-16904409679649498,TEAM_1,2024-03-07 01:00:00+00:00,2024-03-07 05:00:00+00:00,4,0 days 04:00:00,4,65.85978251655642,A100,y
run-pipeline-gpu-gnd5n-1710628013,task,PROJECT_13,ns-16904409679649498,TEAM_1,2024-04-09 01:00:00+00:00,2024-04-09 07:00:00+00:00,5,0 days 06:00:00,5,94.9981467023173,A100,y
run-pipeline-gpu-5zvpv-747118082,task,PROJECT_13,ns-16904409679649498,TEAM_1,2024-02-08 06:00:00+00:00,2024-02-21 05:00:00+00:00,3,12 days 23:00:00,2,35.35099999999999,A30,y
run-pipeline-gpu-cbzwk-2070977808,task,PROJECT_13,ns-16904409679649498,TEAM_1,2024-04-29 10:00:00+00:00,2024-04-30 10:00:00+00:00,4,1 days 00:00:00,1,7.612538461538459,A30,y
run-pipeline-gpu-jms8w-3551857596,task,PROJECT_13,ns-16904409679649498,TEAM_1,2024-02-25 11:00:00+00:00,2024-02-27 11:00:00+00:00,3,2 days 00:00:00,2,21.0602125,A30,y
run-pipeline-gpu-9tnd8-1865815998,task,PROJECT_13,ns-16904409679649498,TEAM_1,2024-02-08 00:00:00+00:00,2024-03-06 01:00:00+00:00,2,27 days 01:00:00,4,69.29213541528249,A100,y
run-pipeline-gpu-qrstf-3318118143,task,PROJECT_13,ns-16904409679649498,TEAM_1,2024-05-13 05:00:00+00:00,2024-05-16 10:00:00+00:00,6,3 days 05:00:00,5,89.90502582582586,A100,n
run-pipeline-gpu-99hp9-2279907390,task,PROJECT_13,ns-16904409679649498,TEAM_1,2024-03-08 05:00:00+00:00,2024-03-09 05:00:00+00:00,2,1 days 00:00:00,2,22.43569578947365,A30,y
run-pipeline-gpu-xcwhc-3168286880,task,PROJECT_13,ns-16904409679649498,TEAM_1,2024-05-16 17:00:00+00:00,2024-05-18 05:00:00+00:00,3,1 days 12:00:00,4,78.73409042553199,A100,y
run-pipeline-gpu-lpcvm-2207421033,task,PROJECT_13,ns-16904409679649498,TEAM_1,2024-02-22 02:00:00+00:00,2024-03-03 23:00:00+00:00,4,10 days 21:00:00,4,73.26410666666665,A100,n
run-pipeline-gpu-6ddq9-1404546105,task,PROJECT_13,ns-16904409679649498,TEAM_1,2024-05-02 00:00:00+00:00,2024-05-03 00:00:00+00:00,3,1 days 00:00:00,3,53.68134235294118,A30,n
run-pipeline-gpu-6xntx-216862477,task,PROJECT_13,ns-16904409679649498,TEAM_1,2024-04-13 01:00:00+00:00,2024-04-28 05:00:00+00:00,5,15 days 04:00:00,4,75.13289306666664,A100,y
run-pipeline-gpu-qqw99-3610954670,task,PROJECT_13,ns-16904409679649498,TEAM_1,2024-03-07 06:00:00+00:00,2024-03-08 05:00:00+00:00,2,0 days 23:00:00,3,58.80216666666667,A30,y
run-pipeline-gpu-pxsr4-1340460384,task,PROJECT_13,ns-16904409679649498,TEAM_1,2024-03-05 02:00:00+00:00,2024-03-06 02:00:00+00:00,3,1 days 00:00:00,1,17.05772666666666,A30,n
run-pipeline-gpu-btkf5-859327339,task,PROJECT_1,ns-16904458533318198,TEAM_2,2024-02-08 00:00:00+00:00,2024-02-13 05:00:00+00:00,3,5 days 05:00:00,1,7.3287666666666675,A100,y
run-pipeline-gpu-pwjj4-1201686976,task,PROJECT_1,ns-16904458533318198,TEAM_2,2024-03-06 03:00:00+00:00,2024-03-07 01:00:00+00:00,3,0 days 22:00:00,3,42.98918090909093,A30,n
run-pipeline-gpu-cwjxt-3082327593,task,PROJECT_13,ns-16904409679649498,TEAM_1,2024-05-13 02:00:00+00:00,2024-05-15 05:00:00+00:00,3,2 days 03:00:00,3,53.9258347169811,A30,n
run-pipeline-gpu-hbbgm-1746798765,task,PROJECT_13,ns-16904409679649498,TEAM_1,2024-02-16 01:00:00+00:00,2024-03-06 01:00:00+00:00,3,19 days 00:00:00,1,0.0,A100,y
run-pipeline-gpu-72s79-3342733295,task,PROJECT_13,ns-16904409679649498,TEAM_1,2024-02-15 02:00:00+00:00,2024-02-16 00:00:00+00:00,7,0 days 22:00:00,1,0.0,A100,n
run-pipeline-gpu-h7wbt-279665657,task,PROJECT_13,ns-16904409679649498,TEAM_1,2024-03-07 01:00:00+00:00,2024-03-07 02:00:00+00:00,7,0 days 01:00:00,2,25.376511126826912,A100,y
run-pipeline-gpu-hxbvr-1622881279,task,PROJECT_13,ns-16904409679649498,TEAM_1,2024-03-06 11:00:00+00:00,2024-03-07 00:00:00+00:00,3,0 days 13:00:00,3,55.90969941219681,A100,n
run-pipeline-gpu-4gtq4-2472434307,task,PROJECT_1,ns-16904458533318198,,2024-03-07 04:00:00+00:00,2024-03-07 05:00:00+00:00,3,0 days 01:00:00,2,32.71508938547489,A30,n
run-pipeline-gpu-vzp6m-2425280966,task,PROJECT_13,ns-16904409679649498,TEAM_1,2024-04-18 05:00:00+00:00,2024-04-19 05:00:00+00:00,1,1 days 00:00:00,1,13.3177924825175,A30,n
run-pipeline-gpu-n74hr-826594044,task,PROJECT_13,ns-16904409679649498,TEAM_1,2024-05-13 01:00:00+00:00,2024-05-15 01:00:00+00:00,2,2 days 00:00:00,4,74.68127607476642,A30,y
run-pipeline-gpu-srgcr-114569520,task,PROJECT_17,ns-16904374776309414,TEAM_3,2024-04-16 05:00:00+00:00,2024-04-19 06:00:00+00:00,8,3 days 01:00:00,3,52.13384444444445,A100,y
run-pipeline-gpu-qlz75-3115213630,task,PROJECT_2,ns-16909377696061704,TEAM_1,2024-03-06 11:00:00+00:00,2024-03-07 00:00:00+00:00,5,0 days 13:00:00,5,95.81420206185562,A100,y
run-pipeline-gpu-l7w9q-2083896429,task,PROJECT_13,ns-16904409679649498,TEAM_1,2024-05-16 01:00:00+00:00,2024-05-17 01:00:00+00:00,3,1 days 00:00:00,3,52.8696625,A30,y
run-pipeline-gpu-jrsp9-3759191875,task,PROJECT_17,ns-16904374776309414,TEAM_3,2024-05-13 02:00:00+00:00,2024-05-14 18:00:00+00:00,4,1 days 16:00:00,1,15.512591882556116,A100,y
run-pipeline-gpu-9d9xs-3001633694,task,PROJECT_13,ns-16904409679649498,TEAM_1,2024-03-25 04:00:00+00:00,2024-03-26 01:00:00+00:00,4,0 days 21:00:00,1,0.0,A100,y
run-pipeline-gpu-qdm94-2147748742,task,PROJECT_13,ns-16904409679649498,TEAM_1,2024-05-13 00:00:00+00:00,2024-05-14 00:00:00+00:00,6,1 days 00:00:00,3,45.55126722689077,A100,n
run-pipeline-gpu-nhq7k-719672536,task,PROJECT_4,ns-16904413105821052,TEAM_4,2024-03-04 03:00:00+00:00,2024-03-06 01:00:00+00:00,1,1 days 22:00:00,1,0.0,A100,n
run-pipeline-gpu-p9zqk-3668461244,task,PROJECT_4,ns-16904413105821052,,2024-02-27 02:00:00+00:00,2024-02-27 07:00:00+00:00,3,0 days 05:00:00,2,27.24974605845885,A100,y
run-pipeline-gpu-4vwkb-332303483,task,PROJECT_4,ns-16904413105821052,,2024-04-29 23:00:00+00:00,2024-05-04 10:00:00+00:00,5,4 days 11:00:00,1,0.0,A100,y
run-pipeline-gpu-g5bc6-3346494428,task,PROJECT_4,ns-16904413105821052,TEAM_4,2024-03-26 05:00:00+00:00,2024-03-27 02:00:00+00:00,4,0 days 21:00:00,1,11.34933978685614,A100,y
run-pipeline-gpu-lwbp2-1534120356,task,PROJECT_17,ns-16904374776309414,TEAM_3,2024-04-01 01:00:00+00:00,2024-05-20 00:00:00+00:00,2,48 days 23:00:00,1,0.0,A100,n
run-pipeline-gpu-swq2n-3049610790,task,PROJECT_4,ns-16904413105821052,,2024-02-08 00:00:00+00:00,2024-02-12 23:00:00+00:00,2,4 days 23:00:00,1,0.0,A100,y
run-pipeline-gpu-x9tfn-248304882,task,PROJECT_12,ns-16904406391779833,TEAM_12,2024-04-29 02:00:00+00:00,2024-04-30 02:00:00+00:00,2,1 days 00:00:00,3,58.46338930307941,A30,y
run-pipeline-gpu-h6fqd-840725110,task,PROJECT_13,ns-16904409679649498,TEAM_1,2024-03-06 11:00:00+00:00,2024-03-07 00:00:00+00:00,3,0 days 13:00:00,5,97.33877565445027,A100,y
run-pipeline-gpu-5zs6m-2706812674,task,PROJECT_4,ns-16904413105821052,,2024-04-20 10:00:00+00:00,2024-04-21 19:00:00+00:00,5,1 days 09:00:00,1,1.7026846938775508,A100,n
run-pipeline-gpu-rnqjn-4238665228,task,PROJECT_13,ns-16904409679649498,TEAM_1,2024-05-19 10:00:00+00:00,2024-05-20 00:00:00+00:00,6,0 days 14:00:00,3,46.574030263157866,A100,y
run-pipeline-gpu-tspdw-3706195323,task,PROJECT_13,ns-16904409679649498,TEAM_1,2024-03-14 04:00:00+00:00,2024-03-15 01:00:00+00:00,2,0 days 21:00:00,5,96.9146,A30,y
run-pipeline-gpu-lhkgw-780639444,task,PROJECT_13,ns-16904409679649498,TEAM_1,2024-02-08 05:00:00+00:00,2024-02-08 06:00:00+00:00,3,0 days 01:00:00,4,64.973975,A30,y
run-pipeline-gpu-5xgrz-3147514755,task,PROJECT_13,ns-16904409679649498,TEAM_1,2024-05-16 00:00:00+00:00,2024-05-18 07:00:00+00:00,2,2 days 07:00:00,3,59.1145,A30,n
run-pipeline-gpu-4bqsz-2455458349,task,PROJECT_13,ns-16904409679649498,TEAM_1,2024-04-04 07:00:00+00:00,2024-04-06 07:00:00+00:00,1,2 days 00:00:00,4,75.45750353982301,A30,y
run-pipeline-gpu-c8p5c-4061668670,task,PROJECT_13,ns-16904409679649498,TEAM_1,2024-03-18 12:00:00+00:00,2024-03-19 12:00:00+00:00,2,1 days 00:00:00,5,85.27612573099402,A30,n
run-pipeline-gpu-jgdnh-544506832,task,PROJECT_13,ns-16904409679649498,TEAM_1,2024-03-07 04:00:00+00:00,2024-03-07 05:00:00+00:00,4,0 days 01:00:00,4,74.4137786346398,A30,y
run-pipeline-gpu-7b2lh-267076134,task,PROJECT_13,ns-16904409679649498,TEAM_1,2024-03-04 00:00:00+00:00,2024-03-06 01:00:00+00:00,4,2 days 01:00:00,4,75.16759537572254,A100,y
run-pipeline-gpu-s45qr-2725211470,task,PROJECT_13,ns-16904409679649498,TEAM_1,2024-04-22 00:00:00+00:00,2024-04-24 05:00:00+00:00,6,2 days 05:00:00,4,73.84327427745667,A100,y
run-pipeline-gpu-8j5wp-4271974259,task,PROJECT_13,ns-16904409679649498,TEAM_1,2024-04-29 10:00:00+00:00,2024-05-01 20:00:00+00:00,1,2 days 10:00:00,2,26.661473032581306,A100,y
run-pipeline-gpu-h9k9h-1096992746,task,PROJECT_13,ns-16904409679649498,TEAM_1,2024-03-14 05:00:00+00:00,2024-03-15 05:00:00+00:00,8,1 days 00:00:00,4,74.39723755102047,A100,y
run-pipeline-gpu-fds9m-4227584090,task,PROJECT_13,ns-16904409679649498,,2024-02-08 00:00:00+00:00,2024-02-12 23:00:00+00:00,6,4 days 23:00:00,1,17.980161904761896,A100,y
run-pipeline-gpu-9nt5j-62595835,task,PROJECT_13,ns-16904409679649498,TEAM_1,2024-03-25 05:00:00+00:00,2024-05-20 00:00:00+00:00,7,55 days 19:00:00,2,32.66875454545455,A100,y
run-pipeline-gpu-w8jb5-714416263,task,PROJECT_13,ns-16904409679649498,TEAM_1,2024-02-14 01:00:00+00:00,2024-02-17 06:00:00+00:00,3,3 days 05:00:00,4,78.25725449438197,A30,y
run-pipeline-gpu-fq245-314349883,task,PROJECT_13,ns-16904409679649498,TEAM_1,2024-03-25 05:00:00+00:00,2024-05-20 00:00:00+00:00,4,55 days 19:00:00,2,25.87208333333333,A100,y
run-pipeline-gpu-cgbdn-2299830279,task,PROJECT_13,ns-16904409679649498,TEAM_1,2024-02-14 03:00:00+00:00,2024-02-27 00:00:00+00:00,6,12 days 21:00:00,2,26.32942105263158,A100,n
run-pipeline-gpu-pqdqj-1187381983,task,PROJECT_13,ns-16904409679649498,TEAM_1,2024-05-15 01:00:00+00:00,2024-05-15 05:00:00+00:00,6,0 days 04:00:00,2,35.355133333333335,A100,n
run-pipeline-gpu-s6hwn-3819247695,task,PROJECT_13,ns-16904409679649498,TEAM_1,2024-03-06 11:00:00+00:00,2024-03-07 00:00:00+00:00,5,0 days 13:00:00,2,29.12536874999999,A100,n
run-pipeline-gpu-59trs-1791732950,task,PROJECT_13,ns-16904409679649498,TEAM_1,2024-05-19 10:00:00+00:00,2024-05-20 00:00:00+00:00,8,0 days 14:00:00,4,72.61557894736842,A100,y
run-pipeline-gpu-7bv8q-4225584551,task,PROJECT_2,ns-16909377696061704,TEAM_1,2024-02-14 08:00:00+00:00,2024-02-15 01:00:00+00:00,2,0 days 17:00:00,1,0.0,A100,y
run-pipeline-gpu-jhwg5-3735731488,task,PROJECT_13,ns-16904409679649498,TEAM_1,2024-02-08 00:00:00+00:00,2024-02-22 07:00:00+00:00,8,14 days 07:00:00,4,73.46533870967738,A100,n
run-pipeline-gpu-5mgsw-1892653154,task,PROJECT_17,ns-16904374776309414,TEAM_3,2024-03-04 00:00:00+00:00,2024-03-06 01:00:00+00:00,4,2 days 01:00:00,3,43.92167812499999,A100,y
run-pipeline-gpu-f7x7d-4036679523,task,PROJECT_13,ns-16904409679649498,TEAM_1,2024-04-22 02:00:00+00:00,2024-04-23 02:00:00+00:00,5,1 days 00:00:00,2,31.12877,A100,y
run-pipeline-gpu-n9rg4-229354915,task,PROJECT_13,ns-16904409679649498,TEAM_1,2024-04-22 00:00:00+00:00,2024-04-24 10:00:00+00:00,5,2 days 10:00:00,2,28.231645238095247,A100,y
run-pipeline-gpu-82jbf-1091556461,task,PROJECT_13,ns-16904409679649498,TEAM_1,2024-02-27 06:00:00+00:00,2024-02-28 04:00:00+00:00,6,0 days 22:00:00,5,87.76464234449757,A100,n
run-pipeline-gpu-7fmc4-1026476480,task,PROJECT_12,ns-16904406391779833,TEAM_12,2024-05-01 03:00:00+00:00,2024-05-01 15:00:00+00:00,2,0 days 12:00:00,1,0.0,A30,n
run-pipeline-gpu-24kd7-1782892583,task,PROJECT_2,ns-16909377696061704,TEAM_1,2024-02-08 00:00:00+00:00,2024-02-08 02:00:00+00:00,6,0 days 02:00:00,5,84.46694736842095,A100,y
run-pipeline-gpu-l9s84-913604121,task,PROJECT_13,ns-16904409679649498,TEAM_1,2024-03-06 11:00:00+00:00,2024-03-07 05:00:00+00:00,2,0 days 18:00:00,3,54.330018181818176,A100,n
run-pipeline-gpu-xxzhb-877654433,task,PROJECT_13,ns-16904409679649498,TEAM_1,2024-03-07 06:00:00+00:00,2024-05-09 21:00:00+00:00,2,63 days 15:00:00,3,48.65993649425284,A100,y
run-pipeline-gpu-txcqs-569817102,task,PROJECT_13,ns-16904409679649498,TEAM_1,2024-03-04 05:00:00+00:00,2024-03-06 01:00:00+00:00,7,1 days 20:00:00,5,81.80578057210965,A100,y
run-pipeline-gpu-c5d2p-145999275,task,PROJECT_1,ns-16904458533318198,,2024-03-07 06:00:00+00:00,2024-03-25 02:00:00+00:00,5,17 days 20:00:00,1,0.0,A100,y
run-pipeline-gpu-8z68d-964333601,task,PROJECT_1,ns-16904458533318198,TEAM_2,2024-03-25 04:00:00+00:00,2024-03-26 01:00:00+00:00,8,0 days 21:00:00,1,0.0,A100,y
run-pipeline-gpu-lss2v-3216184079,task,PROJECT_13,ns-16904409679649498,TEAM_1,2024-03-07 08:00:00+00:00,2024-05-17 06:00:00+00:00,3,70 days 22:00:00,1,0.0,A100,n
run-pipeline-gpu-2xsks-1267550502,task,PROJECT_13,ns-16904409679649498,TEAM_1,2024-03-25 05:00:00+00:00,2024-03-27 04:00:00+00:00,5,1 days 23:00:00,1,0.0,A100,y
run-pipeline-gpu-ddpm9-2307128927,task,PROJECT_12,ns-16904406391779833,TEAM_12,2024-05-03 01:00:00+00:00,2024-05-04 01:00:00+00:00,2,1 days 00:00:00,3,49.012317158177,A30,y
run-pipeline-gpu-4vppl-989390375,task,PROJECT_13,ns-16904409679649498,TEAM_1,2024-02-08 03:00:00+00:00,2024-02-08 05:00:00+00:00,6,0 days 02:00:00,2,32.8864,A100,y
run-pipeline-gpu-m685r-957622763,task,PROJECT_17,ns-16904374776309414,,2024-05-18 02:00:00+00:00,2024-05-19 02:00:00+00:00,3,1 days 00:00:00,1,0.0,A100,n
run-pipeline-gpu-5bpbm-3559724633,task,PROJECT_17,ns-16904374776309414,TEAM_3,2024-02-28 20:00:00+00:00,2024-03-04 02:00:00+00:00,4,4 days 06:00:00,5,98.23950335820906,A100,n
run-pipeline-gpu-g45q7-144219255,task,PROJECT_13,ns-16904409679649498,TEAM_1,2024-02-08 00:00:00+00:00,2024-02-22 05:00:00+00:00,7,14 days 05:00:00,1,8.71355,A100,y
run-pipeline-gpu-7w4v6-2132514135,task,PROJECT_13,ns-16904409679649498,TEAM_1,2024-03-06 11:00:00+00:00,2024-03-07 05:00:00+00:00,1,0 days 18:00:00,1,19.12223999999999,A100,y
run-pipeline-gpu-m5gkk-1044189022,task,PROJECT_13,ns-16904409679649498,TEAM_1,2024-04-23 04:00:00+00:00,2024-05-13 00:00:00+00:00,2,19 days 20:00:00,1,0.0,A100,n
run-pipeline-gpu-ngq88-2770746731,task,PROJECT_13,ns-16904409679649498,TEAM_1,2024-03-07 06:00:00+00:00,2024-03-08 01:00:00+00:00,4,0 days 19:00:00,1,2.1436,A30,y
run-pipeline-gpu-lq7kc-1017939287,task,PROJECT_13,ns-16904409679649498,TEAM_1,2024-03-20 07:00:00+00:00,2024-03-22 09:00:00+00:00,2,2 days 02:00:00,2,24.170286725663715,A30,y
run-pipeline-gpu-2swhd-3169431857,task,PROJECT_13,ns-16904409679649498,TEAM_1,2024-03-27 07:00:00+00:00,2024-03-28 07:00:00+00:00,4,1 days 00:00:00,3,53.07549354838711,A100,n
run-pipeline-gpu-8sq5w-318761477,task,PROJECT_13,ns-16904409679649498,TEAM_1,2024-02-22 02:00:00+00:00,2024-03-03 23:00:00+00:00,5,10 days 21:00:00,2,33.045336,A100,y
run-pipeline-gpu-bzvjr-2788458255,task,PROJECT_13,ns-16904409679649498,TEAM_1,2024-03-08 01:00:00+00:00,2024-03-12 03:00:00+00:00,3,4 days 02:00:00,5,81.80564813218385,A100,y
run-pipeline-gpu-zjp92-3873447848,task,PROJECT_13,ns-16904409679649498,TEAM_1,2024-03-12 09:00:00+00:00,2024-03-12 10:00:00+00:00,4,0 days 01:00:00,2,27.574929411764707,A100,y
run-pipeline-gpu-6dfwt-2996314336,task,PROJECT_13,ns-16904409679649498,TEAM_1,2024-03-06 11:00:00+00:00,2024-03-07 05:00:00+00:00,3,0 days 18:00:00,2,31.905320000000007,A100,y
run-pipeline-gpu-zwk5k-2679731521,task,PROJECT_17,ns-16904374776309414,,2024-03-12 03:00:00+00:00,2024-03-18 12:00:00+00:00,7,6 days 09:00:00,1,0.0,A100,y
run-pipeline-gpu-65995-2587903403,task,PROJECT_1,ns-16904458533318198,TEAM_2,2024-02-26 05:00:00+00:00,2024-02-26 23:00:00+00:00,6,0 days 18:00:00,1,0.0,A100,y
run-pipeline-gpu-67q9p-1369228348,task,PROJECT_1,ns-16904458533318198,TEAM_2,2024-03-07 06:00:00+00:00,2024-05-09 21:00:00+00:00,1,63 days 15:00:00,1,0.0,A100,y
run-pipeline-gpu-d4d5n-2480006076,task,PROJECT_13,ns-16904409679649498,TEAM_1,2024-03-01 05:00:00+00:00,2024-03-04 04:00:00+00:00,7,2 days 23:00:00,2,24.691818181818185,A100,y
run-pipeline-gpu-q92dk-73489274,task,PROJECT_1,ns-16904458533318198,,2024-03-06 11:00:00+00:00,2024-03-07 00:00:00+00:00,2,0 days 13:00:00,1,0.0,A100,n
run-pipeline-gpu-mj95p-379769760,task,PROJECT_13,ns-16904409679649498,TEAM_1,2024-05-13 02:00:00+00:00,2024-05-14 18:00:00+00:00,2,1 days 16:00:00,4,76.84148749999999,A100,y
run-pipeline-gpu-z4pw9-3679841355,task,PROJECT_2,ns-16909377696061704,TEAM_1,2024-03-07 04:00:00+00:00,2024-03-07 05:00:00+00:00,3,0 days 01:00:00,5,82.25187679919475,A100,n
run-pipeline-gpu-7d2d7-1767297611,task,PROJECT_13,ns-16904409679649498,TEAM_1,2024-03-07 01:00:00+00:00,2024-03-07 02:00:00+00:00,5,0 days 01:00:00,1,0.0,A100,y
run-pipeline-gpu-fcvgd-3368581573,task,PROJECT_13,ns-16904409679649498,TEAM_1,2024-02-26 08:00:00+00:00,2024-02-26 23:00:00+00:00,7,0 days 15:00:00,3,48.009287096774194,A100,n
run-pipeline-gpu-6n7b2-4205980754,task,PROJECT_13,ns-16904409679649498,TEAM_1,2024-05-01 10:00:00+00:00,2024-05-13 11:00:00+00:00,6,12 days 01:00:00,3,49.60174,A100,y
run-pipeline-gpu-whhhj-3195655828,task,PROJECT_13,ns-16904409679649498,TEAM_1,2024-04-29 13:00:00+00:00,2024-05-06 21:00:00+00:00,4,7 days 08:00:00,5,81.20512945205485,A100,n
run-pipeline-gpu-94zlb-89947544,task,PROJECT_13,ns-16904409679649498,TEAM_1,2024-05-14 00:00:00+00:00,2024-05-19 10:00:00+00:00,2,5 days 10:00:00,2,37.6088,A100,y
run-pipeline-gpu-q82z8-427303108,task,PROJECT_13,ns-16904409679649498,TEAM_1,2024-03-18 12:00:00+00:00,2024-03-19 00:00:00+00:00,4,0 days 12:00:00,3,53.71728213935228,A100,y
run-pipeline-gpu-k8f9l-2834723455,task,PROJECT_13,ns-16904409679649498,TEAM_1,2024-03-15 05:00:00+00:00,2024-03-15 07:00:00+00:00,1,0 days 02:00:00,3,41.8697370967742,A100,y
run-pipeline-gpu-4tpsr-3420120526,task,PROJECT_13,ns-16904409679649498,TEAM_1,2024-02-08 00:00:00+00:00,2024-02-23 00:00:00+00:00,3,15 days 00:00:00,3,52.009445730027565,A100,y
run-pipeline-gpu-gcfvp-3319408383,task,PROJECT_17,ns-16904374776309414,TEAM_3,2024-03-08 01:00:00+00:00,2024-03-19 11:00:00+00:00,6,11 days 10:00:00,5,98.5100840255589,A100,n
run-pipeline-gpu-7w7ts-3911879731,task,PROJECT_13,ns-16904409679649498,TEAM_1,2024-03-07 01:00:00+00:00,2024-03-07 05:00:00+00:00,3,0 days 04:00:00,1,0.0,A100,y
run-pipeline-gpu-s25z9-4134201226,task,PROJECT_13,ns-16904409679649498,TEAM_1,2024-03-30 09:00:00+00:00,2024-04-01 00:00:00+00:00,5,1 days 15:00:00,4,65.73743076923074,A100,y
run-pipeline-gpu-p72xp-2413290666,task,PROJECT_13,ns-16904409679649498,TEAM_1,2024-03-06 11:00:00+00:00,2024-03-07 00:00:00+00:00,4,0 days 13:00:00,4,65.13968469387756,A100,y
run-pipeline-gpu-5wkkh-1873314351,task,PROJECT_13,ns-16904409679649498,TEAM_1,2024-02-08 00:00:00+00:00,2024-02-25 17:00:00+00:00,6,17 days 17:00:00,4,67.93123670886077,A100,y
run-pipeline-gpu-4lx5d-2457950530,task,PROJECT_13,ns-16904409679649498,TEAM_1,2024-04-26 11:00:00+00:00,2024-04-29 00:00:00+00:00,2,2 days 13:00:00,4,66.85976364665912,A100,y
run-pipeline-gpu-qjz4q-3180446049,task,PROJECT_17,ns-16904374776309414,,2024-03-06 11:00:00+00:00,2024-03-07 00:00:00+00:00,8,0 days 13:00:00,1,0.0,A100,y
run-pipeline-gpu-5j9bc-3339071754,task,PROJECT_1,ns-16904458533318198,,2024-02-23 08:00:00+00:00,2024-03-06 01:00:00+00:00,1,11 days 17:00:00,1,0.0,A100,y
run-pipeline-gpu-2jq54-1672485863,task,PROJECT_17,ns-16904374776309414,,2024-03-05 05:00:00+00:00,2024-03-05 13:00:00+00:00,6,0 days 08:00:00,1,0.0,A100,n
run-pipeline-gpu-gz9bd-2681504703,task,PROJECT_1,ns-16904458533318198,TEAM_2,2024-02-26 05:00:00+00:00,2024-02-26 23:00:00+00:00,6,0 days 18:00:00,1,0.0,A100,y
run-pipeline-gpu-mbfk9-821292784,task,PROJECT_1,ns-16904458533318198,,2024-03-07 01:00:00+00:00,2024-03-07 05:00:00+00:00,4,0 days 04:00:00,2,35.14882150537633,A100,y
run-pipeline-gpu-gmthr-2443386175,task,PROJECT_13,ns-16904409679649498,,2024-02-28 01:00:00+00:00,2024-02-28 02:00:00+00:00,6,0 days 01:00:00,3,57.76176238532108,A100,n
run-pipeline-gpu-c4ldk-126389565,task,PROJECT_13,ns-16904409679649498,TEAM_1,2024-03-06 11:00:00+00:00,2024-03-07 00:00:00+00:00,1,0 days 13:00:00,4,70.2364139705883,A100,n
run-pipeline-gpu-plv42-3561070837,task,PROJECT_13,ns-16904409679649498,TEAM_1,2024-02-08 00:00:00+00:00,2024-02-27 00:00:00+00:00,5,19 days 00:00:00,4,65.32270790441186,A100,y
run-pipeline-gpu-wh6w8-2576682873,task,PROJECT_13,ns-16904409679649498,TEAM_1,2024-02-08 01:00:00+00:00,2024-02-16 01:00:00+00:00,6,8 days 00:00:00,5,87.7098330564784,A100,y
run-pipeline-gpu-b8p28-3632890281,task,PROJECT_13,ns-16904409679649498,TEAM_1,2024-03-08 01:00:00+00:00,2024-04-25 11:00:00+00:00,7,48 days 10:00:00,1,7.447192,A100,n
run-pipeline-gpu-gp4c7-3307082716,task,PROJECT_13,ns-16904409679649498,TEAM_1,2024-03-01 05:00:00+00:00,2024-03-04 04:00:00+00:00,5,2 days 23:00:00,5,89.53779604810991,A100,y
run-pipeline-gpu-k728t-880551737,task,PROJECT_13,ns-16904409679649498,TEAM_1,2024-02-29 08:00:00+00:00,2024-03-06 01:00:00+00:00,6,5 days 17:00:00,5,80.41803278688522,A100,y
run-pipeline-gpu-5qfp8-1545014637,task,PROJECT_13,ns-16904409679649498,TEAM_1,2024-03-06 11:00:00+00:00,2024-03-07 00:00:00+00:00,6,0 days 13:00:00,1,0.0,A100,y
run-pipeline-gpu-l22zd-2489533715,task,PROJECT_2,ns-16909377696061704,TEAM_1,2024-03-09 18:00:00+00:00,2024-03-14 20:00:00+00:00,5,5 days 02:00:00,5,98.74585862573088,A100,y
run-pipeline-gpu-4c6mf-4185454647,task,PROJECT_13,ns-16904409679649498,TEAM_1,2024-03-08 02:00:00+00:00,2024-03-14 07:00:00+00:00,4,6 days 05:00:00,1,0.0,A100,y
run-pipeline-gpu-9l47x-2662489281,task,PROJECT_13,ns-16904409679649498,TEAM_1,2024-03-15 05:00:00+00:00,2024-03-25 04:00:00+00:00,4,9 days 23:00:00,1,0.0,A100,y
run-pipeline-gpu-xck5z-165411734,task,PROJECT_2,ns-16909377696061704,TEAM_1,2024-03-07 01:00:00+00:00,2024-03-07 05:00:00+00:00,6,0 days 04:00:00,1,0.0,A100,n
run-pipeline-gpu-jbthq-390385068,task,PROJECT_17,ns-16904374776309414,TEAM_3,2024-02-28 20:00:00+00:00,2024-02-29 07:00:00+00:00,5,0 days 11:00:00,3,50.67645253731349,A100,n
run-pipeline-gpu-crvw4-3171165163,task,PROJECT_17,ns-16904374776309414,TEAM_3,2024-03-07 06:00:00+00:00,2024-03-07 16:00:00+00:00,6,0 days 10:00:00,4,72.46089454545458,A100,n
run-pipeline-gpu-fq6zp-2933817632,task,PROJECT_2,ns-16909377696061704,TEAM_1,2024-05-07 02:00:00+00:00,2024-05-13 04:00:00+00:00,4,6 days 02:00:00,5,81.18347392473116,A100,y
run-pipeline-gpu-lbpbk-3665481022,task,PROJECT_17,ns-16904374776309414,TEAM_3,2024-03-07 01:00:00+00:00,2024-03-07 03:00:00+00:00,6,0 days 02:00:00,3,50.91620202312133,A100,y
run-pipeline-gpu-p5nkp-3120797325,task,PROJECT_15,ns-1690441020642881,TEAM_2,2024-03-21 07:00:00+00:00,2024-03-21 09:00:00+00:00,4,0 days 02:00:00,1,6.0376730769230775,A30,y
run-pipeline-gpu-pskxg-1311846560,task,PROJECT_17,ns-16904374776309414,TEAM_3,2024-04-01 01:00:00+00:00,2024-05-20 00:00:00+00:00,4,48 days 23:00:00,3,42.6413013392857,A100,y
run-pipeline-gpu-gr7s2-1300792980,task,PROJECT_13,ns-16904409679649498,TEAM_1,2024-05-17 05:00:00+00:00,2024-05-18 01:00:00+00:00,1,0 days 20:00:00,4,69.74826078431373,A30,y
run-pipeline-gpu-vlhgh-266319022,task,PROJECT_13,ns-16904409679649498,TEAM_1,2024-03-18 00:00:00+00:00,2024-03-19 00:00:00+00:00,1,1 days 00:00:00,4,71.03252475247525,A30,y
run-pipeline-gpu-8bxl7-101878480,task,PROJECT_13,ns-16904409679649498,TEAM_1,2024-05-16 05:00:00+00:00,2024-05-18 05:00:00+00:00,3,2 days 00:00:00,3,47.75134045801529,A30,y
run-pipeline-gpu-fkkf5-2466719574,task,PROJECT_13,ns-16904409679649498,TEAM_1,2024-02-08 00:00:00+00:00,2024-02-16 00:00:00+00:00,8,8 days 00:00:00,5,87.41756999999998,A100,y
run-pipeline-gpu-tmdkg-1992501200,task,PROJECT_15,ns-1690441020642881,TEAM_2,2024-03-19 08:00:00+00:00,2024-03-19 11:00:00+00:00,4,0 days 03:00:00,5,90.67656923076925,A100,y
run-pipeline-gpu-xrl69-3799078920,task,PROJECT_13,ns-16904409679649498,TEAM_1,2024-04-23 00:00:00+00:00,2024-04-23 03:00:00+00:00,8,0 days 03:00:00,5,91.73843566666643,A100,y
run-pipeline-gpu-c9pkt-2907468312,task,PROJECT_4,ns-16904413105821052,,2024-05-13 11:00:00+00:00,2024-05-14 00:00:00+00:00,4,0 days 13:00:00,2,27.145242857142858,A100,y
run-pipeline-gpu-bspds-461724053,task,PROJECT_13,ns-16904409679649498,TEAM_1,2024-03-08 06:00:00+00:00,2024-03-11 08:00:00+00:00,6,3 days 02:00:00,1,0.0,A100,y
run-pipeline-gpu-6vdjt-742917155,task,PROJECT_17,ns-16904374776309414,,2024-03-14 07:00:00+00:00,2024-03-14 18:00:00+00:00,6,0 days 11:00:00,1,0.0,A100,n
run-pipeline-gpu-4tt58-467469210,task,PROJECT_13,ns-16904409679649498,TEAM_1,2024-05-03 03:00:00+00:00,2024-05-04 03:00:00+00:00,4,1 days 00:00:00,4,77.7356084249084,A30,y
run-pipeline-gpu-vfncf-1169673928,task,PROJECT_13,ns-16904409679649498,TEAM_1,2024-03-15 01:00:00+00:00,2024-03-21 10:00:00+00:00,6,6 days 09:00:00,1,0.0,A100,y
run-pipeline-gpu-pf6lg-1612545394,task,PROJECT_13,ns-16904409679649498,TEAM_1,2024-03-12 07:00:00+00:00,2024-03-12 16:00:00+00:00,7,0 days 09:00:00,1,0.0,A100,y
run-pipeline-gpu-r4pjc-2350761622,task,PROJECT_1,ns-16904458533318198,TEAM_2,2024-03-25 07:00:00+00:00,2024-03-26 01:00:00+00:00,6,0 days 18:00:00,1,0.0,A100,y
run-pipeline-gpu-2wk29-4114984326,task,PROJECT_13,ns-16904409679649498,TEAM_1,2024-03-07 08:00:00+00:00,2024-05-17 06:00:00+00:00,1,70 days 22:00:00,5,93.10640286783048,A100,y
run-pipeline-gpu-s59wn-196915659,task,PROJECT_1,ns-16904458533318198,TEAM_2,2024-02-26 05:00:00+00:00,2024-02-26 08:00:00+00:00,4,0 days 03:00:00,1,0.0,A100,n
run-pipeline-gpu-vz4j7-954837668,task,PROJECT_13,ns-16904409679649498,TEAM_1,2024-03-27 06:00:00+00:00,2024-04-01 00:00:00+00:00,6,4 days 18:00:00,5,93.89839350811488,A100,y
run-pipeline-gpu-szqsp-3123808704,task,PROJECT_13,ns-16904409679649498,TEAM_1,2024-03-07 01:00:00+00:00,2024-03-07 03:00:00+00:00,7,0 days 02:00:00,5,90.36726470588228,A100,n
run-pipeline-gpu-89gx2-3966155703,task,PROJECT_13,ns-16904409679649498,TEAM_1,2024-04-29 10:00:00+00:00,2024-05-01 20:00:00+00:00,2,2 days 10:00:00,5,91.90497349246242,A100,y
run-pipeline-gpu-rd2d5-1069693748,task,PROJECT_13,ns-16904409679649498,TEAM_1,2024-05-19 17:00:00+00:00,2024-05-20 00:00:00+00:00,3,0 days 07:00:00,5,84.21318691823906,A30,y
run-pipeline-gpu-4h88b-2132095031,task,PROJECT_13,ns-16904409679649498,TEAM_1,2024-03-07 01:00:00+00:00,2024-03-07 02:00:00+00:00,3,0 days 01:00:00,5,92.1476006289308,A100,n
run-pipeline-gpu-cm7mz-1371493079,task,PROJECT_1,ns-16904458533318198,,2024-03-06 11:00:00+00:00,2024-03-07 00:00:00+00:00,5,0 days 13:00:00,5,93.3030325,A100,n
run-pipeline-gpu-g8cgl-693057264,task,PROJECT_15,ns-1690441020642881,TEAM_2,2024-03-12 07:00:00+00:00,2024-03-12 16:00:00+00:00,8,0 days 09:00:00,1,0.0,A100,n
run-pipeline-gpu-tbk4s-1879259355,task,PROJECT_15,ns-1690441020642881,TEAM_2,2024-03-20 10:00:00+00:00,2024-03-21 01:00:00+00:00,3,0 days 15:00:00,1,0.0,A100,n
run-pipeline-gpu-9fv9x-2746955907,task,PROJECT_15,ns-1690441020642881,TEAM_2,2024-03-13 01:00:00+00:00,2024-03-14 01:00:00+00:00,8,1 days 00:00:00,4,71.49408571428569,A100,y
run-pipeline-gpu-rq2cx-1072744327,task,PROJECT_15,ns-1690441020642881,TEAM_2,2024-02-28 01:00:00+00:00,2024-02-28 02:00:00+00:00,4,0 days 01:00:00,5,83.7853891566265,A100,y
run-pipeline-gpu-rr99f-3748743721,task,PROJECT_13,ns-16904409679649498,TEAM_1,2024-02-08 00:00:00+00:00,2024-02-25 17:00:00+00:00,2,17 days 17:00:00,5,92.6169235546038,A100,y
run-pipeline-gpu-5hzv5-3641023697,task,PROJECT_17,ns-16904374776309414,TEAM_3,2024-03-06 11:00:00+00:00,2024-03-07 00:00:00+00:00,8,0 days 13:00:00,1,0.0,A100,n
run-pipeline-gpu-qbq42-144346561,task,PROJECT_1,ns-16904458533318198,TEAM_2,2024-03-11 09:00:00+00:00,2024-03-12 09:00:00+00:00,4,1 days 00:00:00,1,10.026535937500007,A30,y
run-pipeline-gpu-xpcxm-2778807119,task,PROJECT_17,ns-16904374776309414,TEAM_3,2024-03-04 00:00:00+00:00,2024-03-06 01:00:00+00:00,1,2 days 01:00:00,3,52.87429999999999,A100,n
run-pipeline-gpu-mtvnv-3509786754,task,PROJECT_15,ns-1690441020642881,TEAM_2,2024-03-15 05:00:00+00:00,2024-03-25 04:00:00+00:00,8,9 days 23:00:00,3,58.5363,A100,y
run-pipeline-gpu-ff7zr-3386994242,task,PROJECT_17,ns-16904374776309414,,2024-04-25 16:00:00+00:00,2024-04-26 00:00:00+00:00,1,0 days 08:00:00,5,88.72040000000001,A100,y
run-pipeline-gpu-bgknl-3373128455,task,PROJECT_17,ns-16904374776309414,TEAM_3,2024-02-28 20:00:00+00:00,2024-03-04 02:00:00+00:00,4,4 days 06:00:00,3,43.10455454545453,A100,n
run-pipeline-gpu-wt6nc-1871726909,task,PROJECT_1,ns-16904458533318198,,2024-02-08 00:00:00+00:00,2024-02-25 17:00:00+00:00,7,17 days 17:00:00,4,66.86214285714287,A100,n
run-pipeline-gpu-qh2nl-2614040420,task,PROJECT_17,ns-16904374776309414,TEAM_3,2024-04-26 05:00:00+00:00,2024-04-26 06:00:00+00:00,1,0 days 01:00:00,5,94.21004,A100,y
run-pipeline-gpu-xl8wt-1561883944,task,PROJECT_13,ns-16904409679649498,TEAM_1,2024-03-07 01:00:00+00:00,2024-03-07 03:00:00+00:00,5,0 days 02:00:00,1,0.0,A100,y
run-pipeline-gpu-dmnl9-1845353393,task,PROJECT_13,ns-16904409679649498,TEAM_1,2024-03-04 03:00:00+00:00,2024-03-06 01:00:00+00:00,4,1 days 22:00:00,1,0.0,A100,y
run-pipeline-gpu-pzlxx-4126595415,task,PROJECT_13,ns-16904409679649498,TEAM_1,2024-04-26 11:00:00+00:00,2024-04-29 00:00:00+00:00,1,2 days 13:00:00,5,100.0,A100,n
run-pipeline-gpu-gplk4-1259171671,task,PROJECT_13,ns-16904409679649498,TEAM_1,2024-03-07 08:00:00+00:00,2024-03-26 06:00:00+00:00,7,18 days 22:00:00,1,0.0,A100,n
run-pipeline-gpu-mjktv-3558851891,task,PROJECT_13,ns-16904409679649498,TEAM_1,2024-03-25 06:00:00+00:00,2024-04-01 00:00:00+00:00,8,6 days 18:00:00,5,99.81414244482178,A100,y
run-pipeline-gpu-hch5g-240983488,task,PROJECT_13,ns-16904409679649498,TEAM_1,2024-03-06 11:00:00+00:00,2024-03-07 05:00:00+00:00,1,0 days 18:00:00,1,0.0,A100,y
run-pipeline-gpu-fg96r-1405871495,task,PROJECT_15,ns-1690441020642881,TEAM_2,2024-04-29 05:00:00+00:00,2024-05-20 00:00:00+00:00,1,20 days 19:00:00,3,57.59126666666669,A100,y
run-pipeline-gpu-llwrg-1239579183,task,PROJECT_17,ns-16904374776309414,TEAM_3,2024-03-07 01:00:00+00:00,2024-03-07 02:00:00+00:00,8,0 days 01:00:00,2,38.07080357142858,A100,n
run-pipeline-gpu-xz225-4251640718,task,PROJECT_15,ns-1690441020642881,,2024-03-07 08:00:00+00:00,2024-03-26 06:00:00+00:00,5,18 days 22:00:00,5,87.2015625730994,A100,y
run-pipeline-gpu-qg98v-1803363110,task,PROJECT_13,ns-16904409679649498,TEAM_1,2024-02-08 00:00:00+00:00,2024-02-13 05:00:00+00:00,1,5 days 05:00:00,1,0.1953125,A100,y
run-pipeline-gpu-bvxlj-1626806371,task,PROJECT_13,ns-16904409679649498,TEAM_1,2024-03-29 10:00:00+00:00,2024-03-30 10:00:00+00:00,4,1 days 00:00:00,1,0.0,A30,y
run-pipeline-gpu-9bdds-2661085165,task,PROJECT_13,ns-16904409679649498,TEAM_1,2024-02-23 08:00:00+00:00,2024-03-06 01:00:00+00:00,4,11 days 17:00:00,5,91.38336452991464,A100,y
run-pipeline-gpu-vd7wk-4198087334,task,PROJECT_13,ns-16904409679649498,TEAM_1,2024-04-11 07:00:00+00:00,2024-04-16 13:00:00+00:00,3,5 days 06:00:00,1,0.2334439393939392,A100,y
run-pipeline-gpu-9w7hx-1761467166,task,PROJECT_13,ns-16904409679649498,TEAM_1,2024-02-08 02:00:00+00:00,2024-02-08 05:00:00+00:00,2,0 days 03:00:00,1,10.524943478260866,A100,n
run-pipeline-gpu-nhthq-1788714890,task,PROJECT_13,ns-16904409679649498,TEAM_1,2024-04-02 06:00:00+00:00,2024-04-25 11:00:00+00:00,8,23 days 05:00:00,1,19.256828,A100,y
