pod,queue_sec,jct_sec
ph-application-1504131676014-19633-4d57p,1.0,12.0
ph-application-1504131676014-19933-b9fv9,0.0,11.0
ph-application-1504131676014-20042-vl7bq,5.0,16.0
ph-application-1504131676014-20090-ngf2c,5.0,17.0
ph-application-1504131676014-20177-tqbbs,4.0,16.0
ph-application-1504131676014-20289-cz68q,6.0,7.0
ph-application-1504131676014-20322-6rn4x,9.0,21.0
ph-application-1504131676014-20357-rfhv9,3.0,14.0
ph-application-1504131676014-20421-4lqcr,8.0,20.0
ph-application-1504131676014-20455-5l44l,6.0,18.0
ph-application-1504131676014-20521-pc5bd,3.0,15.0
ph-application-1504131676014-20540-h2s8x,13.0,24.0
ph-application-1504131676014-20644-4jdtq,17.0,29.0
ph-application-1504131676014-20710-x5nxs,15.0,27.0
ph-application-1504131676014-20811-7xkfh,14.0,26.0
ph-application-1504131676014-20879-l56mt,14.0,26.0
ph-application-1504131676014-21043-75sps,7.0,18.0
ph-application-1504131676014-21218-njq87,2.0,14.0
ph-application-1504131676014-21317-cv2tc,12.0,23.0
ph-application-1504131676014-21364-4hxbl,5.0,16.0
ph-application-1504131676014-21526-sd5t5,6.0,18.0
ph-application-1504131676014-21869-t5bsz,4.0,16.0
ph-application-1504131676014-22022-4v5z4,2.0,14.0
ph-application-1504131676014-22221-blmvr,1.0,12.0
ph-application-1504131676014-22358-mfcrz,4.0,16.0
ph-application-1504131676014-22359-rtkx4,4.0,16.0
ph-application-1504131676014-22487-vcmhq,3.0,15.0
ph-application-1504131676014-22594-gd5tc,2.0,13.0
ph-application-1504131676014-22619-flsl5,1.0,2.0
ph-application-1504131676014-22752-jm7vz,4.0,16.0
ph-application-1504131676014-22845-b9q2k,10.0,21.0
ph-application-1504131676014-23473-tfj6v,3.0,14.0
ph-application-1504131676014-23497-b2sxw,2.0,14.0
ph-application-1504131676014-23554-lsc24,17.0,28.0
ph-application-1504131676014-23623-lkt67,1.0,13.0
ph-application-1504131676014-23778-lxf8z,1.0,13.0
ph-application-1504131676014-23926-kmkjk,5.0,16.0
ph-application-1504131676014-24590-jd49d,3.0,4.0
ph-application-1504131676014-24734-cl559,4.0,15.0
ph-application-1504131676014-24780-zj5zr,13.0,24.0
ph-application-1504131676014-24975-lshmf,6.0,17.0
ph-application-1504131676014-24991-bmkdx,10.0,21.0
ph-application-1504131676014-25039-p82dd,3.0,14.0
ph-application-1504131676014-25063-7mglr,5.0,16.0
ph-application-1504131676014-25113-rclx4,9.0,20.0
ph-application-1506638472019-0065-x7b7r,4.0,15.0
ph-application-1506638472019-0213-xhzjg,3.0,4.0
ph-application-1506638472019-0273-lx67f,66.0,67.0
ph-application-1506638472019-0445-q4d4b,2.0,15.0
ph-application-1506638472019-0794-fh57m,1.0,14.0
ph-application-1506638472019-0805-fhq78,0.0,13.0
ph-application-1506638472019-0864-mtchk,0.0,13.0
ph-application-1506638472019-0865-m299s,1.0,13.0
ph-application-1506638472019-0870-cf8wt,1.0,13.0
ph-application-1506638472019-0922-8s7h6,1.0,13.0
ph-application-1506638472019-0928-p2x5d,5.0,16.0
ph-application-1506638472019-0962-7wrp8,15.0,27.0
ph-application-1506638472019-0969-v5xt6,15.0,27.0
ph-application-1506638472019-10000-5kwvz,4.0,15.0
ph-application-1506638472019-10307-ppwvj,5.0,8.0
ph-application-1506638472019-1037-h8xpf,16.0,27.0
ph-application-1506638472019-10403-q5txt,2.0,5.0
ph-application-1506638472019-10573-m5nqw,4.0,16.0
ph-application-1506638472019-10607-l6mc6,1476.0,1487.0
ph-application-1506638472019-10612-k4dqt,3.0,15.0
ph-application-1506638472019-10647-kl5fd,4.0,15.0
ph-application-1506638472019-10771-b6d9c,4.0,15.0
ph-application-1506638472019-10885-75kpz,13.0,24.0
ph-application-1506638472019-1105-hnxpn,14.0,26.0
ph-application-1506638472019-11079-ftpdl,13.0,24.0
ph-application-1506638472019-11086-fpw7m,13.0,24.0
ph-application-1506638472019-11279-vk6k8,12.0,23.0
ph-application-1506638472019-11414-nps96,17.0,28.0
ph-application-1506638472019-11465-xptxh,17.0,28.0
ph-application-1506638472019-11582-gvf9r,17.0,28.0
ph-application-1506638472019-11593-gthr7,17.0,28.0
ph-application-1506638472019-11943-v9n2f,25.0,37.0
ph-application-1506638472019-12443-r6zcp,22.0,34.0
ph-application-1506638472019-12507-x9nkz,21.0,33.0
ph-application-1506638472019-12527-6n2hz,21.0,33.0
ph-application-1506638472019-12560-7fwtq,26.0,37.0
ph-application-1506638472019-12776-vjm98,15.0,27.0
ph-application-1506638472019-12960-h45r6,11.0,23.0
ph-application-1506638472019-13119-fdwkh,10.0,22.0
ph-application-1506638472019-13171-x72cr,19.0,31.0
ph-application-1506638472019-13217-kksdz,19.0,31.0
ph-application-1506638472019-13220-l86mg,20.0,31.0
ph-application-1506638472019-13281-hv2d4,20.0,31.0
ph-application-1506638472019-13375-44bft,25.0,36.0
ph-application-1506638472019-13501-bf88g,25.0,36.0
ph-application-1506638472019-13508-vv665,25.0,36.0
ph-application-1506638472019-13651-g6tfx,25.0,36.0
ph-application-1506638472019-13970-f6vx4,34.0,45.0
ph-application-1506638472019-14055-95jsl,39.0,50.0
ph-application-1506638472019-14098-5lxdf,48.0,59.0
ph-application-1506638472019-14147-jq87m,32.0,43.0
ph-application-1506638472019-14291-gwtfg,23.0,35.0
ph-application-1506638472019-14298-n6s7k,22.0,34.0
ph-application-1506638472019-14320-27bgj,41.0,53.0
ph-application-1506638472019-14339-4ncq9,41.0,43.0
ph-application-1506638472019-1439-kngm7,8.0,20.0
ph-application-1506638472019-14452-542zk,33.0,34.0
ph-application-1506638472019-14789-dr9bv,30.0,31.0
ph-application-1506638472019-14880-mcfwm,19.0,31.0
ph-application-1506638472019-14920-schcw,19.0,30.0
ph-application-1506638472019-15377-72l4v,22.0,24.0
ph-application-1506638472019-15557-w6nxd,18.0,30.0
ph-application-1506638472019-15909-7hr9k,17.0,29.0
ph-application-1506638472019-15938-6f8qp,17.0,29.0
ph-application-1506638472019-16123-lrzgg,7.0,19.0
ph-application-1506638472019-16210-45mwz,11.0,22.0
ph-application-1506638472019-16253-pclrw,11.0,23.0
ph-application-1506638472019-16305-x2xpx,11.0,13.0
ph-application-1506638472019-1631-d88cj,5.0,17.0
ph-application-1506638472019-16402-4gbx6,11.0,23.0
ph-application-1506638472019-16690-hjkbl,13.0,24.0
ph-application-1506638472019-16729-8np8c,18.0,30.0
ph-application-1506638472019-16900-b86nd,17.0,29.0
ph-application-1506638472019-16926-8pxkc,18.0,29.0
ph-application-1506638472019-17082-qt5tw,22.0,33.0
ph-application-1506638472019-17085-9ks9g,22.0,23.0
ph-application-1506638472019-1725-2jcpn,1.0,12.0
ph-application-1506638472019-17258-9djgz,26.0,37.0
ph-application-1506638472019-17294-4h52m,30.0,41.0
ph-application-1506638472019-17362-l4vpj,26.0,38.0
ph-application-1506638472019-1750-d6t6p,10.0,21.0
ph-application-1506638472019-17904-r47zv,9.0,21.0
ph-application-1506638472019-17907-ss7vf,14.0,25.0
ph-application-1506638472019-18084-x29tn,19.0,30.0
ph-application-1506638472019-18207-pkf9v,24.0,36.0
ph-application-1506638472019-18276-67djl,23.0,35.0
ph-application-1506638472019-18470-crhzq,23.0,34.0
ph-application-1506638472019-18493-6dgwb,28.0,39.0
ph-application-1506638472019-18532-bsb6p,33.0,34.0
ph-application-1506638472019-18557-h2c5x,38.0,40.0
ph-application-1506638472019-1877-vtfrf,5.0,16.0
ph-application-1506638472019-18923-r7rph,35.0,47.0
ph-application-1506638472019-18928-v4m7d,35.0,47.0
ph-application-1506638472019-19034-5q7br,34.0,46.0
ph-application-1506638472019-19117-rwc9l,39.0,41.0
ph-application-1506638472019-19306-h767h,38.0,50.0
ph-application-1506638472019-19513-mxd9j,42.0,43.0
ph-application-1506638472019-19556-twbbd,1384.0,1395.0
ph-application-1506638472019-19623-zmtgc,47.0,59.0
ph-application-1506638472019-19784-8x4bv,47.0,48.0
ph-application-1506638472019-19786-vfmwk,47.0,58.0
ph-application-1506638472019-19899-5r2cv,46.0,57.0
ph-application-1506638472019-19914-ls5xg,51.0,62.0
ph-application-1506638472019-19951-94w8v,50.0,61.0
ph-application-1506638472019-20023-dfkvw,54.0,65.0
ph-application-1506638472019-20025-m8f4p,59.0,71.0
ph-application-1506638472019-20091-5sfld,58.0,70.0
ph-application-1506638472019-20201-kmts9,52.0,64.0
ph-application-1506638472019-20205-2xm8b,57.0,69.0
ph-application-1506638472019-20224-2ct4r,67.0,78.0
ph-application-1506638472019-20291-vr4d5,71.0,82.0
ph-application-1506638472019-20332-45225,53.0,65.0
ph-application-1506638472019-20401-qhwqm,56.0,67.0
ph-application-1506638472019-20484-zsp46,60.0,71.0
ph-application-1506638472019-20533-nz5rn,70.0,81.0
ph-application-1506638472019-2079-nkltk,4.0,5.0
ph-application-1506638472019-20861-nqdxh,70.0,82.0
ph-application-1506638472019-21399-58dvq,67.0,79.0
ph-application-1506638472019-2144-w7ggg,4.0,15.0
ph-application-1506638472019-21465-kwp7t,66.0,68.0
ph-application-1506638472019-21505-ffw79,71.0,83.0
ph-application-1506638472019-2154-vk9xv,4.0,15.0
ph-application-1506638472019-21808-9r4k9,72.0,83.0
ph-application-1506638472019-21917-xfmvs,72.0,73.0
ph-application-1506638472019-22409-9wcl9,72.0,73.0
ph-application-1506638472019-22500-fnhht,73.0,84.0
ph-application-1506638472019-22618-n6nmq,70.0,81.0
ph-application-1506638472019-22782-7mf2h,69.0,81.0
ph-application-1506638472019-22833-k4wsj,73.0,84.0
ph-application-1506638472019-2294-gqh8n,15.0,26.0
ph-application-1506638472019-23006-r5r46,72.0,84.0
ph-application-1506638472019-23233-n9ftv,75.0,86.0
ph-application-1506638472019-23381-qdfv6,81.0,85.0
ph-application-1506638472019-23482-gxx96,80.0,84.0
ph-application-1506638472019-23499-z279v,80.0,94.0
ph-application-1506638472019-23523-spg97,85.0,96.0
ph-application-1506638472019-23556-22dt4,85.0,96.0
ph-application-1506638472019-23638-4nv9b,85.0,96.0
ph-application-1506638472019-23868-zb7kw,86.0,97.0
ph-application-1506638472019-24322-hkrg6,84.0,95.0
ph-application-1506638472019-24344-6pkzh,96.0,99.0
ph-application-1506638472019-24475-qsfl5,91.0,104.0
ph-application-1506638472019-24615-62zjr,91.0,103.0
ph-application-1506638472019-24628-cl6zt,91.0,103.0
ph-application-1506638472019-2466-qhw6l,13.0,26.0
ph-application-1506638472019-24890-mnptr,90.0,102.0
ph-application-1506638472019-25096-f4c6j,95.0,96.0
ph-application-1506638472019-25213-v9jbp,94.0,105.0
ph-application-1506638472019-25220-ngcvt,99.0,110.0
ph-application-1506638472019-25392-fcdpv,104.0,106.0
ph-application-1506638472019-25601-qwrw6,103.0,115.0
ph-application-1506638472019-25750-lh4nb,102.0,114.0
ph-application-1506638472019-25947-k9774,100.0,112.0
ph-application-1506638472019-2598-qjp76,3.0,17.0
ph-application-1506638472019-26148-h5vl2,1337.0,1338.0
ph-application-1506638472019-26229-6n6vv,104.0,106.0
ph-application-1506638472019-26307-gmssx,99.0,111.0
ph-application-1506638472019-26604-fbxfs,99.0,111.0
ph-application-1506638472019-26717-smvzs,105.0,116.0
ph-application-1506638472019-26756-d7smm,105.0,116.0
ph-application-1506638472019-27276-p56mj,102.0,113.0
ph-application-1506638472019-27442-dj852,106.0,117.0
ph-application-1506638472019-2758-wp4s5,2.0,16.0
ph-application-1506638472019-27716-qw6hb,108.0,119.0
ph-application-1506638472019-27740-k49zb,113.0,124.0
ph-application-1506638472019-2789-84bqg,3.0,15.0
ph-application-1506638472019-27912-b2rxg,105.0,116.0
ph-application-1506638472019-27948-rb9j9,116.0,127.0
ph-application-1506638472019-28023-m56j9,116.0,117.0
ph-application-1506638472019-28037-lxgjp,121.0,132.0
ph-application-1506638472019-28044-xgnxl,121.0,132.0
ph-application-1506638472019-28071-wf59z,121.0,132.0
ph-application-1506638472019-28162-qkjhk,125.0,136.0
ph-application-1506638472019-28228-ngfwh,125.0,127.0
ph-application-1506638472019-28352-2zc8h,124.0,136.0
ph-application-1506638472019-28770-xpm25,123.0,135.0
ph-application-1506638472019-28791-2ds2s,128.0,140.0
ph-application-1506638472019-2903-cs9dz,3.0,15.0
ph-application-1506638472019-2905-4vrc5,3.0,15.0
ph-application-1506638472019-2921-r5vtc,3.0,16.0
ph-application-1506638472019-29344-fgdk9,144.0,146.0
ph-application-1506638472019-2939-dgwwh,3.0,16.0
ph-application-1506638472019-29405-ncdtd,138.0,139.0
ph-application-1506638472019-29468-7hq5r,111.0,123.0
ph-application-1506638472019-2971-lkrfm,17.0,31.0
ph-application-1506638472019-2986-rm5pq,17.0,30.0
ph-application-1506638472019-29936-fcck7,106.0,121.0
ph-application-1506638472019-29974-6wrtj,104.0,119.0
ph-application-1506638472019-29987-vzd7z,1289.0,1300.0
ph-application-1506638472019-3026-cbbcp,17.0,30.0
ph-application-1506638472019-30423-z9bk7,99.0,114.0
ph-application-1506638472019-3057-7n7z8,17.0,30.0
ph-application-1506638472019-30633-77p6b,103.0,114.0
ph-application-1506638472019-30639-k5sb2,103.0,114.0
ph-application-1506638472019-30687-fh4js,108.0,119.0
ph-application-1506638472019-30757-2p6z7,108.0,120.0
ph-application-1506638472019-30904-kk4ws,108.0,120.0
ph-application-1506638472019-30919-vvdq5,119.0,130.0
ph-application-1506638472019-3102-lgl27,17.0,30.0
ph-application-1506638472019-31022-pw5q8,123.0,134.0
ph-application-1506638472019-31025-pknhb,123.0,134.0
ph-application-1506638472019-31048-c48nx,121.0,132.0
ph-application-1506638472019-31067-fxlxm,124.0,135.0
ph-application-1506638472019-31191-krt4g,123.0,134.0
ph-application-1506638472019-31567-2bkx8,115.0,126.0
ph-application-1506638472019-31810-4rmp9,107.0,118.0
ph-application-1506638472019-31822-kfmrg,120.0,121.0
ph-application-1506638472019-3211-bkx2s,17.0,20.0
ph-application-1506638472019-32235-xdtp4,90.0,105.0
ph-application-1506638472019-32295-ls4mh,100.0,113.0
ph-application-1506638472019-32362-vcbdq,99.0,112.0
ph-application-1506638472019-3240-tvr8g,17.0,30.0
ph-application-1506638472019-32418-9kngm,99.0,112.0
ph-application-1506638472019-32508-mdx4b,99.0,112.0
ph-application-1506638472019-32550-ft6zh,99.0,112.0
ph-application-1506638472019-32572-qhrc9,99.0,112.0
ph-application-1506638472019-32772-2vnns,98.0,110.0
ph-application-1506638472019-32833-5mvfr,1251.0,1262.0
ph-application-1506638472019-33046-rjhbf,96.0,109.0
ph-application-1506638472019-33150-j6rcc,99.0,111.0
ph-application-1506638472019-3329-cxjbn,18.0,30.0
ph-application-1506638472019-33435-v7g9l,96.0,109.0
ph-application-1506638472019-33537-7kdsm,95.0,107.0
ph-application-1506638472019-33570-8rv4l,95.0,108.0
ph-application-1506638472019-33722-29474,95.0,107.0
ph-application-1506638472019-3379-7wrhk,21.0,32.0
ph-application-1506638472019-33837-zp2z2,94.0,106.0
ph-application-1506638472019-33851-l7bdf,95.0,107.0
ph-application-1506638472019-33864-njjmc,104.0,115.0
ph-application-1506638472019-3406-5ksss,31.0,42.0
ph-application-1506638472019-34117-l85mj,108.0,121.0
ph-application-1506638472019-34119-vrkq8,109.0,121.0
ph-application-1506638472019-34131-qnwrb,109.0,111.0
ph-application-1506638472019-34355-m7lf8,107.0,109.0
ph-application-1506638472019-34420-7tfdd,106.0,108.0
ph-application-1506638472019-34475-fw282,106.0,118.0
ph-application-1506638472019-34532-9488q,105.0,117.0
ph-application-1506638472019-34620-kprmc,110.0,121.0
ph-application-1506638472019-34661-9v9ml,110.0,121.0
ph-application-1506638472019-34779-f8njv,110.0,121.0
ph-application-1506638472019-34791-cx8jm,115.0,116.0
ph-application-1506638472019-34844-5vbwh,119.0,131.0
ph-application-1506638472019-34874-pxp2l,119.0,131.0
ph-application-1506638472019-35113-f9mp8,117.0,128.0
ph-application-1506638472019-35115-d92cw,132.0,147.0
ph-application-1506638472019-35121-bfjxg,117.0,128.0
ph-application-1506638472019-35284-mcqzq,115.0,126.0
ph-application-1506638472019-35339-csvdl,120.0,131.0
ph-application-1506638472019-35388-7mzvp,1239.0,1240.0
ph-application-1506638472019-35496-jgbq7,120.0,121.0
ph-application-1506638472019-35512-hst7f,119.0,120.0
ph-application-1506638472019-3565-bwtfg,45.0,46.0
ph-application-1506638472019-35771-w8gwl,123.0,134.0
ph-application-1506638472019-35788-spth8,123.0,134.0
ph-application-1506638472019-35813-h4dr7,129.0,143.0
ph-application-1506638472019-35887-t2jfp,134.0,145.0
ph-application-1506638472019-35897-q5thd,136.0,137.0
ph-application-1506638472019-35966-sw6hp,180.0,192.0
ph-application-1506638472019-3613-l8nnz,29.0,40.0
ph-application-1506638472019-36209-hjmgd,178.0,190.0
ph-application-1506638472019-36326-54xm5,178.0,190.0
ph-application-1506638472019-36496-m8tnf,177.0,189.0
ph-application-1506638472019-36764-qj5dd,132.0,143.0
ph-application-1506638472019-36954-cfntc,130.0,141.0
ph-application-1506638472019-36973-g2n6t,140.0,152.0
ph-application-1506638472019-37140-4nllg,138.0,150.0
ph-application-1506638472019-37167-b9pn7,137.0,149.0
ph-application-1506638472019-37278-mv72f,133.0,145.0
ph-application-1506638472019-37303-5cmc8,133.0,145.0
ph-application-1506638472019-37364-hrm8m,132.0,144.0
ph-application-1506638472019-37379-dsvm2,137.0,148.0
ph-application-1506638472019-3750-dhf5x,23.0,35.0
ph-application-1506638472019-37733-vl554,136.0,147.0
ph-application-1506638472019-3788-8kjlw,41.0,42.0
ph-application-1506638472019-37887-flxvc,145.0,158.0
ph-application-1506638472019-37955-wgwg7,145.0,147.0
ph-application-1506638472019-38014-82qz4,145.0,157.0
ph-application-1506638472019-38114-tljx2,142.0,154.0
ph-application-1506638472019-3819-s6gr9,20.0,32.0
ph-application-1506638472019-38193-278b2,142.0,154.0
ph-application-1506638472019-38423-77p7g,141.0,153.0
ph-application-1506638472019-38690-rcfm7,1211.0,1222.0
ph-application-1506638472019-38775-q56sk,137.0,148.0
ph-application-1506638472019-39077-z87zk,130.0,141.0
ph-application-1506638472019-39137-ntbmg,130.0,141.0
ph-application-1506638472019-39248-6qnz9,139.0,150.0
ph-application-1506638472019-39285-chw5c,141.0,152.0
ph-application-1506638472019-4257-dp8kk,3.0,15.0
ph-application-1506638472019-4505-st72s,14.0,27.0
ph-application-1506638472019-4510-jctz8,14.0,27.0
ph-application-1506638472019-4584-58s4g,11.0,24.0
ph-application-1506638472019-4590-dxrgm,12.0,24.0
ph-application-1506638472019-4772-tggvx,10.0,12.0
ph-application-1506638472019-4898-v7ktl,9.0,21.0
ph-application-1506638472019-4980-khgpd,13.0,25.0
ph-application-1506638472019-5127-qknvt,13.0,25.0
ph-application-1506638472019-5296-72c2j,23.0,36.0
ph-application-1506638472019-5305-p7gfn,24.0,36.0
ph-application-1506638472019-5363-vqgkj,23.0,35.0
ph-application-1506638472019-5436-4rnsq,23.0,35.0
ph-application-1506638472019-5644-jpsrm,22.0,34.0
ph-application-1506638472019-5732-zdfxw,22.0,34.0
ph-application-1506638472019-6191-l7nwg,9.0,20.0
ph-application-1506638472019-6235-w7fgf,18.0,30.0
ph-application-1506638472019-6359-zjbdh,4.0,15.0
ph-application-1506638472019-6417-hcfd5,14.0,26.0
ph-application-1506638472019-6545-tfpkr,14.0,26.0
ph-application-1506638472019-6546-js5kb,14.0,26.0
ph-application-1506638472019-6575-mcwwt,14.0,26.0
ph-application-1506638472019-6726-kcbrg,18.0,29.0
ph-application-1506638472019-6729-nl9cw,28.0,41.0
ph-application-1506638472019-6740-fgjfb,28.0,41.0
ph-application-1506638472019-6761-9brfm,29.0,41.0
ph-application-1506638472019-6834-cfj4w,29.0,41.0
ph-application-1506638472019-6867-4wl2f,141.0,153.0
ph-application-1506638472019-7002-242jm,145.0,157.0
ph-application-1506638472019-7075-brt46,151.0,162.0
ph-application-1506638472019-7117-szn78,156.0,167.0
ph-application-1506638472019-7118-d5vtg,161.0,172.0
ph-application-1506638472019-7207-6rd9c,166.0,177.0
ph-application-1506638472019-7264-q96wk,171.0,183.0
ph-application-1506638472019-7291-5bncz,176.0,188.0
ph-application-1506638472019-7336-9vz42,182.0,193.0
ph-application-1506638472019-7358-44nzm,186.0,198.0
ph-application-1506638472019-7367-6lclx,191.0,202.0
ph-application-1506638472019-7402-w6p7k,196.0,207.0
ph-application-1506638472019-7474-fdf7q,201.0,213.0
ph-application-1506638472019-7994-2q6bz,206.0,217.0
ph-application-1506638472019-8064-8rd6z,216.0,227.0
ph-application-1506638472019-8188-l4bwl,220.0,232.0
ph-application-1506638472019-8386-45xd9,229.0,240.0
ph-application-1506638472019-8553-tnxtz,234.0,245.0
ph-application-1506638472019-8617-pr6m9,244.0,255.0
ph-application-1506638472019-8740-tnzjt,247.0,259.0
ph-application-1506638472019-8799-bssrz,253.0,264.0
ph-application-1506638472019-8834-ncx4r,258.0,269.0
ph-application-1506638472019-8853-m699w,262.0,273.0
ph-application-1506638472019-8936-882q4,273.0,287.0
ph-application-1506638472019-9265-fdrtc,277.0,288.0
ph-application-1506638472019-9329-lbzf2,292.0,305.0
ph-application-1506638472019-9471-c2rrj,297.0,309.0
ph-application-1506638472019-9682-jjvsw,307.0,319.0
ph-application-1506638472019-9793-tkjp4,1511.0,1522.0
ph-application-1506638472019-9874-ghdpk,309.0,321.0
ph-application-1506638472019-9949-ftfcf,314.0,325.0
ph-application-1506638472019-9970-7bpw6,320.0,331.0
ph-application-1506638472019-9980-g2pms,325.0,336.0
ph-application-1508364558011-0030-kxkw5,141.0,152.0
ph-application-1508364558011-0128-rnsr6,150.0,162.0
ph-application-1508364558011-0177-zbqw5,1213.0,1224.0
ph-application-1508364558011-0422-849v5,144.0,155.0
ph-application-1508364558011-0493-w2tk2,1224.0,1226.0
ph-application-1508364558011-0600-dd566,144.0,145.0
ph-application-1508364558011-0704-lqh95,146.0,157.0
ph-application-1508364558011-0835-4l8sx,145.0,156.0
ph-application-1508364558011-10089-5b67j,60.0,71.0
ph-application-1508364558011-10114-m7qvw,65.0,76.0
ph-application-1508364558011-10192-q8znl,70.0,82.0
ph-application-1508364558011-10229-g9dl5,71.0,82.0
ph-application-1508364558011-10254-crvml,71.0,82.0
ph-application-1508364558011-10421-8jb4n,71.0,82.0
ph-application-1508364558011-10474-5d8d4,76.0,87.0
ph-application-1508364558011-10504-r8pbg,76.0,87.0
ph-application-1508364558011-10628-tbl4d,76.0,87.0
ph-application-1508364558011-11050-c7wrx,1130.0,1131.0
ph-application-1508364558011-11383-knw5c,61.0,72.0
ph-application-1508364558011-11467-p4qb8,63.0,75.0
ph-application-1508364558011-11653-x5gnc,64.0,75.0
ph-application-1508364558011-11688-8c7h7,64.0,75.0
ph-application-1508364558011-11825-9m4p6,62.0,73.0
ph-application-1508364558011-12215-swhdw,65.0,76.0
ph-application-1508364558011-12238-sn67x,65.0,76.0
ph-application-1508364558011-12399-cvvj5,64.0,75.0
ph-application-1508364558011-12466-8p928,69.0,80.0
ph-application-1508364558011-12878-skltv,71.0,82.0
ph-application-1508364558011-12968-s56gz,68.0,79.0
ph-application-1508364558011-12997-l7zq2,68.0,79.0
ph-application-1508364558011-1305-nhxjv,177.0,188.0
ph-application-1508364558011-13117-zprmc,69.0,80.0
ph-application-1508364558011-13246-62p6h,67.0,78.0
ph-application-1508364558011-13268-5zgvp,78.0,89.0
ph-application-1508364558011-13346-2nj8b,63.0,74.0
ph-application-1508364558011-13460-p46kg,87.0,88.0
ph-application-1508364558011-13613-ld94s,63.0,74.0
ph-application-1508364558011-13628-jd999,74.0,85.0
ph-application-1508364558011-13900-t2www,87.0,89.0
ph-application-1508364558011-13952-jdx6p,71.0,82.0
ph-application-1508364558011-13990-hs72f,75.0,86.0
ph-application-1508364558011-14119-hcjwt,86.0,98.0
ph-application-1508364558011-14122-6ngpw,86.0,98.0
ph-application-1508364558011-1424-lvrg7,1210.0,1211.0
ph-application-1508364558011-14341-9cfjj,84.0,96.0
ph-application-1508364558011-14498-w6xjv,86.0,88.0
ph-application-1508364558011-14620-q6v2t,85.0,87.0
ph-application-1508364558011-14969-mlthr,84.0,95.0
ph-application-1508364558011-14972-jb6vc,84.0,95.0
ph-application-1508364558011-14987-4q6ws,84.0,95.0
ph-application-1508364558011-14996-cckn7,84.0,96.0
ph-application-1508364558011-15015-5sk2j,83.0,85.0
ph-application-1508364558011-15263-k6p76,88.0,100.0
ph-application-1508364558011-15504-xbqjg,83.0,85.0
ph-application-1508364558011-15538-pqx78,82.0,94.0
ph-application-1508364558011-15570-h7md9,93.0,94.0
ph-application-1508364558011-15611-rjfsx,80.0,92.0
ph-application-1508364558011-15820-257z2,93.0,95.0
ph-application-1508364558011-15870-6qnz5,81.0,83.0
ph-application-1508364558011-15896-fcprx,86.0,97.0
ph-application-1508364558011-16113-ftds2,88.0,100.0
ph-application-1508364558011-16134-l2jbx,88.0,100.0
ph-application-1508364558011-16219-5gvgb,93.0,104.0
ph-application-1508364558011-16304-rkprk,86.0,98.0
ph-application-1508364558011-16339-w2rbk,96.0,107.0
ph-application-1508364558011-16356-6k4ft,101.0,113.0
ph-application-1508364558011-16517-7dl5s,100.0,112.0
ph-application-1508364558011-1678-99dlg,256.0,268.0
ph-application-1508364558011-16849-xnmr8,100.0,111.0
ph-application-1508364558011-17007-4kbmc,94.0,105.0
ph-application-1508364558011-17014-827w8,94.0,95.0
ph-application-1508364558011-17064-rfknr,92.0,103.0
ph-application-1508364558011-17108-lcvkq,97.0,108.0
ph-application-1508364558011-17267-qnw7f,95.0,106.0
ph-application-1508364558011-17339-fs5cd,99.0,101.0
ph-application-1508364558011-17632-ztr9j,94.0,106.0
ph-application-1508364558011-17655-6gg92,95.0,106.0
ph-application-1508364558011-17904-b8lh2,96.0,107.0
ph-application-1508364558011-17945-nfqfj,96.0,107.0
ph-application-1508364558011-1804-bp89v,277.0,289.0
ph-application-1508364558011-18258-kj6lp,95.0,107.0
ph-application-1508364558011-18327-xscz4,100.0,111.0
ph-application-1508364558011-18345-6ngb9,100.0,111.0
ph-application-1508364558011-18419-vdqz8,105.0,116.0
ph-application-1508364558011-18482-r6t9p,110.0,121.0
ph-application-1508364558011-18486-pfvsk,105.0,116.0
ph-application-1508364558011-18540-4bq54,115.0,127.0
ph-application-1508364558011-18572-w949v,114.0,126.0
ph-application-1508364558011-1862-nxtqm,303.0,314.0
ph-application-1508364558011-18789-7kggq,119.0,130.0
ph-application-1508364558011-1883-862p7,308.0,319.0
ph-application-1508364558011-18922-cgtc5,1040.0,1052.0
ph-application-1508364558011-19128-f9rql,118.0,129.0
ph-application-1508364558011-1934-q7bhl,308.0,320.0
ph-application-1508364558011-19382-h95nf,114.0,126.0
ph-application-1508364558011-19441-hw88m,114.0,126.0
ph-application-1508364558011-19579-4mqjl,118.0,129.0
ph-application-1508364558011-19665-4rbwp,114.0,125.0
ph-application-1508364558011-19797-stzfg,117.0,129.0
ph-application-1508364558011-20195-m44q7,115.0,127.0
ph-application-1508364558011-20217-8f6hm,115.0,127.0
ph-application-1508364558011-20330-pwmhc,111.0,123.0
ph-application-1508364558011-20432-xwztk,114.0,126.0
ph-application-1508364558011-20626-7br2q,110.0,121.0
ph-application-1508364558011-20627-v8zz4,115.0,126.0
ph-application-1508364558011-20810-l4fwd,109.0,120.0
ph-application-1508364558011-21060-5lg6j,110.0,122.0
ph-application-1508364558011-21125-pltbh,107.0,119.0
ph-application-1508364558011-21187-n4wp7,107.0,118.0
ph-application-1508364558011-21457-f5b7v,104.0,115.0
ph-application-1508364558011-21507-bv4km,109.0,120.0
ph-application-1508364558011-21519-twrbb,109.0,120.0
ph-application-1508364558011-21596-6jjdm,112.0,123.0
ph-application-1508364558011-21771-mtvwt,100.0,112.0
ph-application-1508364558011-21931-qvcqw,99.0,111.0
ph-application-1508364558011-21955-t5jcg,97.0,109.0
ph-application-1508364558011-22036-8l7td,978.0,989.0
ph-application-1508364558011-2207-lhht5,354.0,365.0
ph-application-1508364558011-22085-zr76d,86.0,97.0
ph-application-1508364558011-22140-rxstf,982.0,983.0
ph-application-1508364558011-22147-d8r8v,83.0,94.0
ph-application-1508364558011-22358-swbxc,73.0,74.0
ph-application-1508364558011-22849-bc4xx,949.0,951.0
ph-application-1508364558011-22938-hdqts,51.0,62.0
ph-application-1508364558011-22964-jwglm,948.0,949.0
ph-application-1508364558011-22991-2b8jk,42.0,43.0
ph-application-1508364558011-23044-nmh9n,42.0,53.0
ph-application-1508364558011-23228-vfsx5,33.0,44.0
ph-application-1508364558011-23290-wztg5,37.0,48.0
ph-application-1508364558011-23343-v6n4q,35.0,36.0
ph-application-1508364558011-23669-fzhwr,39.0,50.0
ph-application-1508364558011-23959-m4k25,45.0,57.0
ph-application-1508364558011-2401-87zsx,386.0,398.0
ph-application-1508364558011-24183-4xhgp,39.0,41.0
ph-application-1508364558011-24291-frgmk,35.0,37.0
ph-application-1508364558011-24333-pk8t7,33.0,35.0
ph-application-1508364558011-24422-962gq,28.0,40.0
ph-application-1508364558011-24453-f99kf,33.0,45.0
ph-application-1508364558011-2450-hk69q,391.0,403.0
ph-application-1508364558011-24538-4lfcj,27.0,39.0
ph-application-1508364558011-2457-hb82p,392.0,403.0
ph-application-1508364558011-24584-lr7m7,32.0,43.0
ph-application-1508364558011-24678-w56dt,36.0,47.0
ph-application-1508364558011-24780-5psbv,35.0,47.0
ph-application-1508364558011-24799-xq88m,35.0,47.0
ph-application-1508364558011-24836-bbd6b,40.0,52.0
ph-application-1508364558011-24905-hq8kc,41.0,52.0
ph-application-1508364558011-24958-6n96k,40.0,51.0
ph-application-1508364558011-25002-7s46j,40.0,51.0
ph-application-1508364558011-25096-fgltv,45.0,56.0
ph-application-1508364558011-25153-wpmgc,50.0,62.0
ph-application-1508364558011-25332-76jlg,49.0,61.0
ph-application-1508364558011-25382-8gs6p,906.0,917.0
ph-application-1508364558011-25442-4rf48,48.0,60.0
ph-application-1508364558011-25518-8t8np,54.0,55.0
ph-application-1508364558011-25522-pv7r8,54.0,65.0
ph-application-1508364558011-2553-khhw2,424.0,425.0
ph-application-1508364558011-25706-cc7wq,50.0,62.0
ph-application-1508364558011-25739-qp7ww,54.0,65.0
ph-application-1508364558011-2579-sc7ct,429.0,441.0
ph-application-1508364558011-25971-bvrbv,53.0,64.0
ph-application-1508364558011-26098-9vnf2,40.0,52.0
ph-application-1508364558011-26158-22nwb,44.0,55.0
ph-application-1508364558011-2624-c65s5,489.0,490.0
ph-application-1508364558011-26356-xdvgr,46.0,57.0
ph-application-1508364558011-26380-2w7fp,51.0,63.0
ph-application-1508364558011-26396-m2ncm,51.0,53.0
ph-application-1508364558011-26728-7msfz,45.0,56.0
ph-application-1508364558011-26775-mcvl5,38.0,39.0
ph-application-1508364558011-26845-5ddnj,42.0,53.0
ph-application-1508364558011-26852-kbfh2,41.0,52.0
ph-application-1508364558011-27051-rjn76,876.0,877.0
ph-application-1508364558011-27175-ktvnd,46.0,47.0
ph-application-1508364558011-27177-wcbvh,35.0,46.0
ph-application-1508364558011-27192-psbfv,40.0,51.0
ph-application-1508364558011-27346-ndzj6,42.0,54.0
ph-application-1508364558011-27522-swcbm,31.0,43.0
ph-application-1508364558011-27533-ln4k8,35.0,47.0
ph-application-1508364558011-27760-ksp6v,22.0,33.0
ph-application-1508364558011-27799-67lqp,842.0,843.0
ph-application-1508364558011-27860-wsplx,844.0,855.0
ph-application-1508364558011-27934-tmcj8,8.0,19.0
ph-application-1508364558011-28153-g2hw8,9.0,22.0
ph-application-1508364558011-28156-lb4g9,8.0,11.0
ph-application-1508364558011-28237-8gdw2,4.0,7.0
ph-application-1508364558011-28394-2mbng,2.0,13.0
ph-application-1508364558011-28419-w5pwz,820.0,832.0
ph-application-1508364558011-28464-bjbdz,8.0,20.0
ph-application-1508364558011-28588-qmgb7,2.0,13.0
ph-application-1508364558011-2861-zccsq,438.0,439.0
ph-application-1508364558011-28828-h7jx7,10.0,21.0
ph-application-1508364558011-28993-zqlk8,3.0,14.0
ph-application-1508364558011-29037-jl4x4,7.0,18.0
ph-application-1508364558011-29067-dzdbs,6.0,18.0
ph-application-1508364558011-29092-z6k2m,6.0,18.0
ph-application-1508364558011-29094-tmspp,17.0,29.0
ph-application-1508364558011-29117-7t6w8,17.0,29.0
ph-application-1508364558011-29163-6r6rl,17.0,29.0
ph-application-1508364558011-2918-w4242,471.0,482.0
ph-application-1508364558011-29269-qk269,11.0,13.0
ph-application-1508364558011-2930-6w98x,476.0,477.0
ph-application-1508364558011-29381-rq8ph,10.0,22.0
ph-application-1508364558011-29440-mtgb2,4.0,16.0
ph-application-1508364558011-29500-wjdxz,18.0,30.0
ph-application-1508364558011-2951-s7tsk,481.0,483.0
ph-application-1508364558011-29527-7gpqg,18.0,30.0
ph-application-1508364558011-29649-2bzwz,18.0,29.0
ph-application-1508364558011-29666-grnbh,17.0,28.0
ph-application-1508364558011-29679-rpsm8,22.0,33.0
ph-application-1508364558011-29775-fb8zc,21.0,32.0
ph-application-1508364558011-29786-b8rq9,21.0,33.0
ph-application-1508364558011-29829-qkdgl,21.0,33.0
ph-application-1508364558011-29867-md7jb,32.0,43.0
ph-application-1508364558011-29894-xq7zn,32.0,43.0
ph-application-1508364558011-29938-l2gs8,32.0,43.0
ph-application-1508364558011-30100-4xft2,30.0,41.0
ph-application-1508364558011-30138-ctl8d,34.0,36.0
ph-application-1508364558011-30146-xljf8,45.0,46.0
ph-application-1508364558011-30151-5zkwq,34.0,46.0
ph-application-1508364558011-30190-zbbs9,49.0,50.0
ph-application-1508364558011-30227-w7pdj,786.0,797.0
ph-application-1508364558011-30298-5q9fj,801.0,802.0
ph-application-1508364558011-30595-x7bx7,19.0,21.0
ph-application-1508364558011-30856-wwzf6,17.0,29.0
ph-application-1508364558011-30946-7gfxn,37.0,39.0
ph-application-1508364558011-31023-zxqjp,21.0,32.0
ph-application-1508364558011-31056-vzlp5,32.0,43.0
ph-application-1508364558011-31149-hdx4b,32.0,43.0
ph-application-1508364558011-31224-zkr6x,37.0,49.0
ph-application-1508364558011-31775-xq9pn,20.0,32.0
ph-application-1508364558011-31810-zsd7q,23.0,35.0
ph-application-1508364558011-3207-xl8zh,479.0,481.0
ph-application-1508364558011-3214-66njm,479.0,491.0
ph-application-1508364558011-32192-2nxjl,19.0,20.0
ph-application-1508364558011-32321-967br,17.0,28.0
ph-application-1508364558011-3234-rdlzv,490.0,503.0
ph-application-1508364558011-32524-6r86r,15.0,26.0
ph-application-1508364558011-32626-phskg,18.0,30.0
ph-application-1508364558011-32628-zhj2b,18.0,30.0
ph-application-1508364558011-32754-sp7gn,20.0,31.0
ph-application-1508364558011-32776-6pdmk,759.0,770.0
ph-application-1508364558011-32797-2gmth,24.0,36.0
ph-application-1508364558011-32918-ctxkv,771.0,773.0
ph-application-1508364558011-32981-mbwx4,21.0,23.0
ph-application-1508364558011-33020-4g2dj,26.0,28.0
ph-application-1508364558011-33026-bv9wc,26.0,28.0
ph-application-1508364558011-3305-zqbsk,491.0,503.0
ph-application-1508364558011-33101-dtqhx,27.0,28.0
ph-application-1508364558011-33132-v5fws,27.0,28.0
ph-application-1508364558011-33180-svlv9,32.0,34.0
ph-application-1508364558011-33404-bsb4m,27.0,29.0
ph-application-1508364558011-33774-9dggj,23.0,35.0
ph-application-1508364558011-3379-cs659,491.0,503.0
ph-application-1508364558011-33799-2k789,23.0,35.0
ph-application-1508364558011-33823-b59dj,23.0,35.0
ph-application-1508364558011-3399-x47lm,491.0,503.0
ph-application-1508364558011-34322-6ttqb,21.0,33.0
ph-application-1508364558011-34616-hvcgj,26.0,38.0
ph-application-1508364558011-34677-jhrvm,26.0,38.0
ph-application-1508364558011-3474-qk6tz,496.0,507.0
ph-application-1508364558011-35065-qptvl,25.0,36.0
ph-application-1508364558011-35074-txz76,25.0,36.0
ph-application-1508364558011-35090-z6qlp,35.0,47.0
ph-application-1508364558011-35120-krkqs,35.0,47.0
ph-application-1508364558011-35190-rbvbt,35.0,46.0
ph-application-1508364558011-35377-679xv,32.0,33.0
ph-application-1508364558011-35450-4gwgt,37.0,49.0
ph-application-1508364558011-35744-tgrgm,37.0,39.0
ph-application-1508364558011-35826-h9bcm,37.0,49.0
ph-application-1508364558011-35832-q9lsc,53.0,64.0
ph-application-1508364558011-36073-9t79f,32.0,44.0
ph-application-1508364558011-36140-ttsz6,30.0,42.0
ph-application-1508364558011-36506-56zqc,27.0,38.0
ph-application-1508364558011-36588-gxl9f,31.0,42.0
ph-application-1508364558011-36634-rfq44,29.0,40.0
ph-application-1508364558011-36657-2p5dg,741.0,752.0
ph-application-1508364558011-36686-kvj5d,756.0,767.0
ph-application-1508364558011-36725-6bccp,36.0,47.0
ph-application-1508364558011-36773-xvpxh,44.0,55.0
ph-application-1508364558011-36901-zvcb4,55.0,56.0
ph-application-1508364558011-36929-h2mdb,31.0,43.0
ph-application-1508364558011-37072-29dm9,24.0,36.0
ph-application-1508364558011-37159-md89w,50.0,61.0
ph-application-1508364558011-37282-z2wc5,31.0,42.0
ph-application-1508364558011-37444-zpmhj,36.0,47.0
ph-application-1508364558011-37460-wjh7j,36.0,47.0
ph-application-1508364558011-37538-2hcj8,47.0,58.0
ph-application-1508364558011-37550-zrwg9,52.0,64.0
ph-application-1508364558011-37551-4dt4h,52.0,64.0
ph-application-1508364558011-3756-qbm65,495.0,506.0
ph-application-1508364558011-37938-cttht,51.0,63.0
ph-application-1508364558011-37988-z9ld9,734.0,745.0
ph-application-1508364558011-38015-7l56z,47.0,59.0
ph-application-1508364558011-38061-8lkhb,48.0,59.0
ph-application-1508364558011-38077-pkcf8,743.0,755.0
ph-application-1508364558011-38092-xtzsq,39.0,51.0
ph-application-1508364558011-38105-nj748,38.0,50.0
ph-application-1508364558011-38166-g8wxh,39.0,40.0
ph-application-1508364558011-38326-cbgp7,55.0,56.0
ph-application-1508364558011-38489-b7xk9,55.0,66.0
ph-application-1508364558011-38605-7hjvb,55.0,57.0
ph-application-1508364558011-38618-hcv6c,55.0,57.0
ph-application-1508364558011-38655-h8n24,60.0,63.0
ph-application-1508364558011-3899-ptc75,505.0,517.0
ph-application-1508364558011-39397-t4nwz,58.0,71.0
ph-application-1508364558011-3972-fqp8w,505.0,517.0
ph-application-1508364558011-39756-9lz6f,56.0,69.0
ph-application-1508364558011-39822-87t95,57.0,69.0
ph-application-1508364558011-39841-7vzdf,57.0,69.0
ph-application-1508364558011-39955-2m57n,57.0,69.0
ph-application-1508364558011-4002-wf5ck,505.0,517.0
ph-application-1508364558011-40140-vt6nt,56.0,68.0
ph-application-1508364558011-40178-j54ff,61.0,72.0
ph-application-1508364558011-40230-w4pwc,65.0,76.0
ph-application-1508364558011-40246-8kz9n,71.0,83.0
ph-application-1508364558011-40341-d289r,70.0,82.0
ph-application-1508364558011-40564-w9fmh,70.0,82.0
ph-application-1508364558011-40629-nhnrz,83.0,85.0
ph-application-1508364558011-4073-ttlct,509.0,520.0
ph-application-1508364558011-40775-r4fql,60.0,72.0
ph-application-1508364558011-41113-hmnnj,53.0,65.0
ph-application-1508364558011-41159-xqggb,53.0,55.0
ph-application-1508364558011-41184-zn6lp,58.0,60.0
ph-application-1508364558011-41221-56tk8,64.0,65.0
ph-application-1508364558011-41233-9pc2q,69.0,71.0
ph-application-1508364558011-41276-6pf95,70.0,71.0
ph-application-1508364558011-41353-dvlhw,75.0,77.0
ph-application-1508364558011-41369-57v4f,75.0,77.0
ph-application-1508364558011-41381-5s829,75.0,78.0
ph-application-1508364558011-41412-wsmwr,74.0,87.0
ph-application-1508364558011-41525-4d7ml,75.0,87.0
ph-application-1508364558011-41586-9j4jn,68.0,80.0
ph-application-1508364558011-41733-l6v2c,64.0,76.0
ph-application-1508364558011-41782-xqtk7,78.0,90.0
ph-application-1508364558011-41861-z9pbk,62.0,74.0
ph-application-1508364558011-41863-fjlp7,78.0,89.0
ph-application-1508364558011-41864-xw876,78.0,89.0
ph-application-1508364558011-42234-8vw6g,70.0,81.0
ph-application-1508364558011-42247-2v7x4,70.0,82.0
ph-application-1508364558011-42470-xsnsb,699.0,700.0
ph-application-1508364558011-42475-f8zwh,63.0,75.0
ph-application-1508364558011-42497-gkfmr,62.0,74.0
ph-application-1508364558011-42754-psfx8,69.0,81.0
ph-application-1508364558011-42766-bjhsd,69.0,81.0
ph-application-1508364558011-42930-kjddp,66.0,78.0
ph-application-1508364558011-4296-gjkfp,509.0,520.0
ph-application-1508364558011-43199-qxmzd,61.0,72.0
ph-application-1508364558011-43218-md4zt,55.0,67.0
ph-application-1508364558011-43426-jnkqc,55.0,66.0
ph-application-1508364558011-43827-5cq9j,56.0,67.0
ph-application-1508364558011-43856-24969,62.0,73.0
ph-application-1508364558011-43878-f5lvp,62.0,74.0
ph-application-1508364558011-43911-lb6bg,62.0,74.0
ph-application-1508364558011-43925-j4xs7,67.0,79.0
ph-application-1508364558011-43988-xp7sz,67.0,79.0
ph-application-1508364558011-44011-qjq56,72.0,83.0
ph-application-1508364558011-44045-rpblh,76.0,88.0
ph-application-1508364558011-44046-27zdf,77.0,88.0
ph-application-1508364558011-44169-sgsnq,75.0,86.0
ph-application-1508364558011-44642-twpb6,79.0,90.0
ph-application-1508364558011-44933-mjvbq,78.0,89.0
ph-application-1508364558011-4497-6snx6,507.0,518.0
ph-application-1508364558011-44981-gbwv7,83.0,95.0
ph-application-1508364558011-45036-bfp9v,89.0,101.0
ph-application-1508364558011-45341-jnwrp,88.0,100.0
ph-application-1508364558011-45502-rtdg4,87.0,99.0
ph-application-1508364558011-45540-pwfxp,92.0,103.0
ph-application-1508364558011-45579-2286n,92.0,103.0
ph-application-1508364558011-45623-66jzf,97.0,108.0
ph-application-1508364558011-46054-ftzt2,89.0,100.0
ph-application-1508364558011-4613-2dbqv,571.0,582.0
ph-application-1508364558011-46556-lfbgb,80.0,91.0
ph-application-1508364558011-46597-8ctn9,643.0,654.0
ph-application-1508364558011-46849-w9d7j,74.0,85.0
ph-application-1508364558011-46893-dzngn,653.0,664.0
ph-application-1508364558011-46995-ps5sj,74.0,86.0
ph-application-1508364558011-47038-fwpfm,79.0,90.0
ph-application-1508364558011-47125-r5l5v,82.0,94.0
ph-application-1508364558011-47134-f85ps,81.0,93.0
ph-application-1508364558011-47391-xffml,77.0,78.0
ph-application-1508364558011-47429-kppvm,657.0,668.0
ph-application-1508364558011-4756-xblhf,598.0,609.0
ph-application-1508364558011-4781-gw86p,603.0,615.0
ph-application-1508364558011-47822-hftf7,181.0,182.0
ph-application-1508364558011-47847-5nx8l,51.0,62.0
ph-application-1508364558011-4786-s5rvz,609.0,620.0
ph-application-1508364558011-48028-7hgh2,623.0,635.0
ph-application-1508364558011-48123-kk8l4,629.0,631.0
ph-application-1508364558011-48253-p2sg9,8.0,19.0
ph-application-1508364558011-48372-wr8ps,5.0,16.0
ph-application-1508364558011-48545-tspvn,1.0,12.0
ph-application-1508364558011-4862-pr4xb,653.0,664.0
ph-application-1508364558011-48861-9x8pr,609.0,610.0
ph-application-1508364558011-48980-kpwvb,613.0,614.0
ph-application-1508364558011-4900-mzcp2,669.0,681.0
ph-application-1508364558011-49048-7lgnb,1.0,3.0
ph-application-1508364558011-49099-xqbjb,118.0,130.0
ph-application-1508364558011-49198-fxfbd,4.0,15.0
ph-application-1508364558011-49369-2g4bn,608.0,619.0
ph-application-1508364558011-49425-m4pcw,2.0,14.0
ph-application-1508364558011-49452-chznn,5.0,16.0
ph-application-1508364558011-4957-sxfq7,1040.0,1041.0
ph-application-1508364558011-49606-r5vsj,3.0,15.0
ph-application-1508364558011-49963-dp6xm,3.0,14.0
ph-application-1508364558011-50121-p4hz2,3.0,15.0
ph-application-1508364558011-5058-jxqpv,685.0,696.0
ph-application-1508364558011-50636-mxtl7,4.0,15.0
ph-application-1508364558011-50769-zt5dd,8.0,20.0
ph-application-1508364558011-50785-wpglx,8.0,20.0
ph-application-1508364558011-50870-cnjph,14.0,25.0
ph-application-1508364558011-50924-5qnjl,14.0,15.0
ph-application-1508364558011-50978-7gbb5,19.0,31.0
ph-application-1508364558011-51066-4nxpw,20.0,31.0
ph-application-1508364558011-51090-r2mpt,25.0,36.0
ph-application-1508364558011-51138-dqp24,24.0,35.0
ph-application-1508364558011-51240-tcdjl,30.0,31.0
ph-application-1508364558011-5137-z2jh6,701.0,712.0
ph-application-1508364558011-51481-ffgfx,32.0,44.0
ph-application-1508364558011-51567-sfnzq,32.0,44.0
ph-application-1508364558011-5157-22m5f,756.0,768.0
ph-application-1508364558011-51622-nnzpp,31.0,43.0
ph-application-1508364558011-51781-lfcs9,33.0,44.0
ph-application-1508364558011-51909-5b6s6,31.0,32.0
ph-application-1508364558011-51935-dnkkl,35.0,47.0
ph-application-1508364558011-51971-rmwlh,577.0,589.0
ph-application-1508364558011-52024-4n7rm,38.0,49.0
ph-application-1508364558011-52292-8h7h6,35.0,47.0
ph-application-1508364558011-52329-xlkfd,34.0,46.0
ph-application-1508364558011-52401-r4bbt,38.0,49.0
ph-application-1508364558011-5266-s5jrk,762.0,773.0
ph-application-1508364558011-52758-h725c,25.0,36.0
ph-application-1508364558011-52991-bbqdg,16.0,27.0
ph-application-1508364558011-53099-7pngs,22.0,34.0
ph-application-1508364558011-5333-spfm5,812.0,813.0
ph-application-1508364558011-5383-vpz95,822.0,833.0
ph-application-1508364558011-5530-j6qps,825.0,837.0
ph-application-1508364558011-5717-cdmf8,836.0,848.0
ph-application-1508364558011-5846-5qzsg,842.0,853.0
ph-application-1508364558011-5978-dmqw9,1190.0,1192.0
ph-application-1508364558011-6105-9wt9q,844.0,855.0
ph-application-1508364558011-6292-w2trl,848.0,849.0
ph-application-1508364558011-6325-mvn4d,1187.0,1188.0
ph-application-1508364558011-6361-wgvzl,850.0,861.0
ph-application-1508364558011-6478-4lz5q,854.0,865.0
ph-application-1508364558011-6862-rbf2w,857.0,868.0
ph-application-1508364558011-6917-6cqq5,863.0,864.0
ph-application-1508364558011-7039-pxj7c,869.0,880.0
ph-application-1508364558011-7084-4rjv7,873.0,885.0
ph-application-1508364558011-7099-c8f59,878.0,890.0
ph-application-1508364558011-7272-4stgv,878.0,890.0
ph-application-1508364558011-7463-zmsxw,878.0,890.0
ph-application-1508364558011-7516-52vc4,881.0,882.0
ph-application-1508364558011-7567-xhhhf,880.0,891.0
ph-application-1508364558011-7604-gfthr,880.0,891.0
ph-application-1508364558011-7749-sp6nz,884.0,895.0
ph-application-1508364558011-7786-rjf7z,890.0,901.0
ph-application-1508364558011-7973-cvhbv,888.0,899.0
ph-application-1508364558011-8134-628rw,893.0,904.0
ph-application-1508364558011-8271-kh7x9,893.0,905.0
ph-application-1508364558011-8469-7t22k,899.0,910.0
ph-application-1508364558011-8517-2g72b,904.0,916.0
ph-application-1508364558011-8651-k8cqb,904.0,915.0
ph-application-1508364558011-8774-t4cpg,909.0,920.0
ph-application-1508364558011-8786-pxr5l,908.0,919.0
ph-application-1508364558011-8884-6xqz4,905.0,916.0
ph-application-1508364558011-9018-p8bjk,910.0,922.0
ph-application-1508364558011-9304-xqg4s,912.0,923.0
ph-application-1508364558011-9349-7cpcr,918.0,929.0
ph-application-1508364558011-9453-vbkqm,923.0,934.0
ph-application-1508364558011-9531-m8jwf,929.0,940.0
ph-application-1508364558011-9584-894fd,934.0,946.0
ph-application-1508364558011-9688-btpq9,939.0,951.0
ph-application-1508364558011-9748-c2xmt,945.0,956.0
ph-application-1508364558011-9898-jb5gg,950.0,961.0
ph-application-1508364558011-9899-4tvdp,956.0,967.0
ph-application-1508364558011-9994-qvsmb,961.0,973.0
ph-application-1511528684064-0088-94lfh,10.0,22.0
ph-application-1511528684064-0283-hlh9s,3.0,15.0
ph-application-1511528684064-0401-jbzkj,510.0,522.0
ph-application-1511528684064-0404-h8p2v,510.0,523.0
ph-application-1511528684064-0478-rkksr,502.0,515.0
ph-application-1511528684064-0691-9w5bb,478.0,491.0
ph-application-1511528684064-0729-mb9wx,476.0,479.0
ph-application-1511528684064-0744-lht88,476.0,489.0
ph-application-1511528684064-1140-qwz2j,457.0,469.0
ph-application-1511528684064-1271-hwxrb,462.0,473.0
ph-application-1511528684064-1426-k5nvc,461.0,473.0
ph-application-1511528684064-1469-qldwx,542.0,554.0
ph-application-1511528684064-1497-9lnrh,457.0,470.0
ph-application-1511528684064-1579-2qk6x,453.0,466.0
ph-application-1511528684064-1725-gfpcw,449.0,461.0
ph-application-1511528684064-1806-4f6rk,448.0,461.0
ph-application-1511528684064-2221-5jfq2,446.0,459.0
ph-application-1511528684064-2320-d7r7b,446.0,458.0
ph-application-1511528684064-2336-lg67t,456.0,467.0
ph-application-1511528684064-2554-72mmq,460.0,473.0
ph-application-1511528684064-2575-977wf,460.0,473.0
ph-application-1511528684064-2699-j64b2,460.0,472.0
ph-application-1511528684064-2717-529wc,459.0,472.0
ph-application-1511528684064-2748-787v2,459.0,471.0
ph-application-1511916184019-0073-zwcbg,539.0,551.0
ph-application-1511916184019-0077-nbd87,556.0,568.0
ph-application-1511916184019-0080-xql9n,455.0,467.0
ph-application-1511916184019-0109-t85wv,572.0,583.0
ph-application-1511916184019-0299-9c5rx,582.0,593.0
ph-application-1511916184019-0749-5g92h,442.0,453.0
ph-application-1511916184019-0820-tcls8,423.0,435.0
ph-application-1511916184019-0937-xxmqs,452.0,463.0
ph-application-1511916184019-1409-dtkb5,408.0,419.0
ph-application-1511916184019-1687-vv47b,408.0,420.0
ph-application-1511916184019-1694-mb8g7,408.0,420.0
ph-application-1511916184019-2124-dshgc,388.0,400.0
ph-application-1511916184019-2242-f2drw,397.0,408.0
ph-application-1511916184019-2246-6pddh,402.0,413.0
ph-application-1511916184019-2289-hjqck,398.0,409.0
ph-application-1511916184019-2311-mnvr2,396.0,407.0
ph-application-1511916184019-2485-2rr7k,399.0,410.0
ph-application-1511916184019-3041-4l9lx,359.0,370.0
ph-application-1511916184019-3398-wqw52,349.0,360.0
ph-application-1511916184019-3514-chldf,448.0,460.0
ph-application-1511916184019-3522-fq88c,346.0,357.0
ph-application-1511916184019-3818-fktjh,334.0,345.0
ph-application-1512440382012-0011-mnt4v,434.0,446.0
ph-application-1512440382012-0343-78qnx,336.0,337.0
ph-application-1512440382012-0425-72v4m,423.0,435.0
ph-application-1512440382012-0681-gv6fb,414.0,426.0
ph-application-1512440382012-0684-f5jlx,431.0,444.0
ph-application-1512440382012-1118-rlhwr,417.0,430.0
ph-application-1512440382012-1192-5grfq,415.0,428.0
ph-application-1512440382012-1260-g249t,412.0,425.0
ph-application-1512440382012-1310-n2g8b,409.0,422.0
ph-application-1512440382012-1342-nqv28,409.0,421.0
ph-application-1512440382012-1352-8txz6,408.0,420.0
ph-application-1512440382012-1438-p6nrh,420.0,432.0
ph-application-1512440382012-1632-h94hs,411.0,413.0
ph-application-1512440382012-1750-9npkl,408.0,420.0
ph-application-1512440382012-1798-hh4v9,408.0,420.0
ph-application-1512440382012-1839-2lw7h,406.0,418.0
ph-application-1512440382012-1842-zgnb7,412.0,423.0
ph-application-1512440382012-1984-4dqbl,410.0,421.0
ph-application-1512440382012-2065-zmhqt,407.0,418.0
ph-application-1512440382012-2197-9rncg,529.0,540.0
ph-application-1512440382012-2274-rk28z,403.0,415.0
ph-application-1512440382012-2407-q5cbq,410.0,421.0
ph-application-1512440382012-2416-p66pf,410.0,422.0
ph-application-1512440382012-2419-flhfd,541.0,552.0
ph-application-1512440382012-2484-mn44x,408.0,420.0
ph-application-1512440382012-2616-mddvq,403.0,415.0
ph-application-1512440382012-2787-lkkwq,404.0,415.0
ph-application-1512440382012-2861-ckwfh,404.0,415.0
ph-application-1512440382012-2881-q9b5m,404.0,415.0
ph-application-1512440382012-2888-x8dzq,404.0,415.0
ph-application-1512440382012-2926-dvxpd,414.0,426.0
ph-application-1512440382012-2985-rf27n,414.0,416.0
ph-application-1512440382012-3018-7tdwv,414.0,426.0
ph-application-1512440382012-3235-bcb4b,413.0,425.0
ph-application-1512440382012-3383-p69mf,419.0,420.0
ph-application-1512440382012-3445-9f86m,424.0,426.0
ph-application-1512440382012-3491-g8r7j,419.0,430.0
ph-application-1512440382012-3531-grbb6,429.0,432.0
ph-application-1512440382012-3692-qr6b6,542.0,553.0
ph-application-1512440382012-3921-cs6bk,427.0,440.0
ph-application-1512440382012-4333-mb99r,425.0,438.0
ph-application-1512440382012-4396-nxfl6,425.0,438.0
ph-application-1512440382012-4464-btd8j,426.0,438.0
ph-application-1512440382012-4815-jnf4z,423.0,435.0
ph-application-1512440382012-4921-8pmmt,423.0,435.0
ph-application-1512440382012-4999-mxz58,423.0,434.0
ph-application-1512440382012-5264-6mx8n,419.0,430.0
ph-application-1512440382012-5460-zhh9q,425.0,437.0
ph-application-1512440382012-5691-h67th,408.0,420.0
ph-application-1512440382012-5733-ssbkf,517.0,528.0
ph-application-1512440382012-5821-c8vcr,525.0,536.0
ph-application-1512440382012-6472-99dwg,503.0,504.0
ph-application-1512440382012-6655-zgrzb,344.0,356.0
ph-application-1512440382012-6734-vb58f,341.0,353.0
ph-application-1513025660013-0001-xrd9h,494.0,506.0
ph-application-1513025660013-0431-b75pd,330.0,342.0
ph-application-1513025660013-0722-x8mkz,318.0,330.0
ph-application-1513025660013-0739-rm977,322.0,333.0
ph-application-1513025660013-0785-msspj,321.0,332.0
ph-application-1513025660013-0831-8tlpp,331.0,343.0
ph-application-1513025660013-0833-lgxr4,331.0,343.0
ph-application-1513025660013-0924-cwdkz,327.0,339.0
ph-application-1513025660013-1012-wjcq6,322.0,334.0
ph-application-1513025660013-2514-2slbx,261.0,273.0
ph-application-1513025660013-2534-xlmvp,261.0,263.0
ph-application-1513390397011-0007-vkvxg,243.0,254.0
ph-application-1513627406021-0065-wvbkm,307.0,309.0
ph-application-1513627406021-0155-dwq2b,309.0,310.0
ph-application-1513627406021-0199-8pkl7,155.0,166.0
ph-application-1513627406021-0217-m64f4,314.0,315.0
ph-application-1513627406021-0336-2qbxd,154.0,165.0
ph-application-1513627406021-0497-6wq5s,160.0,162.0
ph-application-1513627406021-0584-5db4z,156.0,158.0
ph-application-1513627406021-0765-qqlml,146.0,158.0
ph-application-1513627406021-1120-m25gc,131.0,133.0
ph-application-1513627406021-1177-pf8jj,130.0,141.0
ph-application-1513627406021-1362-stcqq,124.0,126.0
ph-application-1513627406021-1554-89kbr,117.0,129.0
ph-application-1513627406021-1779-rzxhw,257.0,259.0
ph-application-1513627406021-1867-vql2r,108.0,120.0
ph-application-1513627406021-1894-jjcsb,108.0,110.0
ph-application-1513627406021-1968-f2hrb,105.0,107.0
ph-application-1513627406021-2126-xnszw,95.0,107.0
ph-application-1513627406021-2281-5ccbc,98.0,109.0
ph-application-1513627406021-2434-47qb8,95.0,106.0
ph-application-1513627406021-2641-c6p6b,88.0,99.0
