job_id,arrival_time_s,duration_s,gpu_count,gpu_type,preemptible
ph-application_1508364558011_27835,0.0,6899.0,1,any,False
ph-application_1508364558011_27886,167.275,30.0,8,any,False
ph-application_1508364558011_27924,452.825,1699.0,1,any,False
ph-application_1508364558011_27933,531.5,56.0,1,any,False
ph-application_1508364558011_27953,621.525,1101.0,1,any,False
ph-application_1508364558011_27958,636.55,62.0,1,any,False
ph-application_1508364558011_28027,1086.55,63.0,1,any,False
ph-application_1508364558011_28089,1559.45,464.0,4,any,False
ph-application_1508364558011_28094,1583.125,21.0,2,any,False
ph-application_1508364558011_28136,1926.6,51.0,1,any,False
ph-application_1508364558011_28143,2001.55,59.0,1,any,False
ph-application_1508364558011_28153,2061.575,57.0,1,any,False
ph-application_1508364558011_28193,2286.525,64.0,1,any,False
ph-application_1508364558011_28201,2331.575,53.0,1,any,False
ph-application_1508364558011_28245,2451.575,63.0,1,any,False
ph-application_1508364558011_28257,2494.175,49.0,1,any,True
ph-application_1508364558011_28272,2556.575,71.0,1,any,False
ph-application_1508364558011_28319,2768.95,10.0,2,any,False
ph-application_1508364558011_28327,2811.575,75.0,1,any,False
ph-application_1508364558011_28399,2988.6,79.0,1,any,False
ph-application_1508364558011_28411,3026.3,60.0,1,any,False
ph-application_1508364558011_28494,3456.575,63.0,1,any,False
ph-application_1508364558011_28499,3516.55,71.0,1,any,False
ph-application_1508364558011_28507,3570.725,7077.0,1,any,True
ph-application_1508364558011_28520,3607.35,7169.0,1,any,False
ph-application_1508364558011_28529,3608.05,7198.0,1,any,False
ph-application_1508364558011_28545,3650.05,317.0,8,any,True
ph-application_1508364558011_28575,3764.275,1392.0,8,any,False
ph-application_1508364558011_28580,3770.725,175.0,1,any,False
ph-application_1508364558011_28614,3891.575,71.0,1,any,False
ph-application_1508364558011_28621,3951.6,66.0,1,any,False
ph-application_1508364558011_28654,4131.575,69.0,1,any,False
ph-application_1508364558011_28672,4168.25,36.0,8,any,False
ph-application_1508364558011_28695,4188.05,4497.0,8,any,False
ph-application_1508364558011_28711,4214.725,29.0,1,any,False
ph-application_1508364558011_28753,4289.825,29.0,8,any,False
ph-application_1508364558011_28806,4407.05,277.0,1,any,True
ph-application_1508364558011_28841,4461.55,200.0,1,any,False
ph-application_1508364558011_28939,4791.55,1659.0,1,any,False
ph-application_1508364558011_29004,5006.025,23.0,1,any,False
ph-application_1508364558011_29010,5006.2,122.0,4,any,False
ph-application_1508364558011_29174,5146.225,3535.0,8,any,False
ph-application_1508364558011_29183,5181.55,76.0,1,any,False
ph-application_1508364558011_29239,5320.925,785.0,4,any,False
ph-application_1508364558011_29284,5631.625,58.0,1,any,False
ph-application_1508364558011_29493,6238.2,1052.0,1,any,False
ph-application_1508364558011_29537,6261.55,70.0,1,any,False
ph-application_1508364558011_29567,6269.6,62.0,1,any,False
ph-application_1508364558011_29647,6315.875,81.0,1,any,False
ph-application_1508364558011_29741,6421.525,374.0,1,any,False
ph-application_1508364558011_29743,6421.625,42.0,1,any,False
ph-application_1508364558011_29797,6436.2,328.0,1,any,False
ph-application_1508364558011_29807,6438.625,475.0,1,any,False
ph-application_1508364558011_29900,6459.05,440.0,1,any,False
ph-application_1508364558011_29911,6461.95,1820.0,1,any,False
ph-application_1508364558011_29965,6472.3,368.0,1,any,False
ph-application_1508364558011_30067,6546.55,67.0,1,any,False
ph-application_1508364558011_30131,6700.425,73.0,8,any,False
ph-application_1508364558011_30135,6702.4,5016.0,1,any,True
ph-application_1508364558011_30180,6796.25,51.0,2,any,False
ph-application_1508364558011_30208,6820.85,404.0,4,any,True
ph-application_1508364558011_30245,6936.575,65.0,1,any,False
ph-application_1508364558011_30299,7081.5,34.0,1,any,False
ph-application_1508364558011_30319,7153.55,1006.0,1,any,False
ph-application_1508364558011_30343,7225.45,135.0,1,any,False
ph-application_1508364558011_30383,7361.5,37.0,1,any,False
ph-application_1508364558011_30444,7596.55,139.0,1,any,False
ph-application_1508364558011_30456,7619.5,3867.0,1,any,True
ph-application_1508364558011_30512,7750.225,812.0,4,any,False
ph-application_1508364558011_30525,7756.75,3340.0,1,any,True
ph-application_1508364558011_30529,7757.25,3991.0,1,any,True
ph-application_1508364558011_30539,7763.575,3984.0,1,any,True
ph-application_1508364558011_30563,7770.675,2001.0,1,any,False
ph-application_1508364558011_30573,7771.55,3822.0,1,any,True
ph-application_1508364558011_30651,7799.775,2563.0,1,any,False
ph-application_1508364558011_30661,7800.7,1860.0,1,any,False
ph-application_1508364558011_30697,7808.85,4387.0,1,any,True
ph-application_1508364558011_30726,7809.4,4321.0,1,any,True
ph-application_1508364558011_30763,7816.225,3024.0,1,any,True
ph-application_1508364558011_30770,7816.3,4518.0,1,any,True
ph-application_1508364558011_30782,7816.4,3786.0,1,any,True
ph-application_1508364558011_30787,7816.475,3625.0,1,any,True
ph-application_1508364558011_30805,7821.55,2050.0,1,any,False
ph-application_1508364558011_30844,7954.05,413.0,1,any,False
ph-application_1508364558011_30878,8009.225,40.0,1,any,False
ph-application_1508364558011_30884,8023.425,63.0,1,any,False
ph-application_1508364558011_30982,8103.75,189.0,1,any,False
ph-application_1508364558011_31071,8113.0,192.0,1,any,False
ph-application_1508364558011_31134,8121.175,149.0,1,any,False
ph-application_1508364558011_31151,8122.7,187.0,1,any,False
ph-application_1508364558011_31208,8127.975,193.0,1,any,False
ph-application_1508364558011_31210,8128.175,191.0,1,any,False
ph-application_1508364558011_31239,8132.35,10.0,2,any,False
ph-application_1508364558011_31435,8577.275,123.0,1,any,False
ph-application_1508364558011_31615,8964.6,76.0,1,any,False
ph-application_1508364558011_31714,9281.8,5843.0,8,any,False
ph-application_1508364558011_31847,9570.2,4203.0,1,any,True
ph-application_1508364558011_31851,9576.55,63.0,1,any,False
ph-application_1508364558011_31856,9610.65,2164.0,1,any,False
ph-application_1508364558011_31873,9686.15,422.0,1,any,False
ph-application_1508364558011_31888,9704.95,3820.0,1,any,True
ph-application_1508364558011_31895,9711.6,67.0,1,any,False
ph-application_1508364558011_31921,9741.4,1975.0,1,any,False
ph-application_1508364558011_31983,9755.55,1674.0,1,any,False
ph-application_1508364558011_32007,9757.8,3898.0,1,any,True
ph-application_1508364558011_32064,9771.575,69.0,1,any,False
ph-application_1508364558011_32069,9775.125,2974.0,1,any,True
ph-application_1508364558011_32174,9910.9,3606.0,1,any,True
ph-application_1508364558011_32219,9948.975,3694.0,1,any,True
ph-application_1508364558011_32241,9978.15,1640.0,1,any,False
ph-application_1508364558011_32443,10093.575,2400.0,1,any,False
ph-application_1508364558011_32497,10114.475,3887.0,1,any,True
ph-application_1508364558011_32499,10117.7,17.0,2,any,False
ph-application_1508364558011_32589,10280.4,3650.0,1,any,False
ph-application_1508364558011_32646,10371.575,62.0,1,any,False
ph-application_1508364558011_32667,10450.85,1758.0,1,any,False
ph-application_1508364558011_32745,10623.6,217.0,1,any,False
ph-application_1508364558011_32779,10681.9,70.0,1,any,False
ph-application_1508364558011_32806,10731.575,58.0,1,any,False
ph-application_1508364558011_32851,10816.175,17.0,1,any,False
ph-application_1508364558011_32889,10921.95,907.0,1,any,False
ph-application_1508364558011_32946,10989.0,3485.0,1,any,True
ph-application_1508364558011_32978,10989.775,3653.0,1,any,True
ph-application_1508364558011_33029,10990.65,3643.0,1,any,True
ph-application_1508364558011_33031,10990.675,4171.0,1,any,True
ph-application_1508364558011_33085,10991.65,3296.0,1,any,False
ph-application_1508364558011_33101,10991.75,3206.0,1,any,True
ph-application_1508364558011_33116,10991.875,3570.0,1,any,True
ph-application_1508364558011_33153,10992.25,3918.0,1,any,True
ph-application_1508364558011_33175,10992.85,4284.0,1,any,True
ph-application_1508364558011_33174,10992.85,88.0,1,any,False
ph-application_1508364558011_33209,11039.025,1246.0,4,any,False
ph-application_1508364558011_33243,11075.95,25.0,1,any,False
ph-application_1508364558011_33322,11268.675,145.0,8,any,False
ph-application_1508364558011_33324,11268.7,103.0,2,any,False
ph-application_1508364558011_33346,11298.8,3929.0,1,any,True
ph-application_1508364558011_33360,11299.075,3368.0,1,any,True
ph-application_1508364558011_33523,11399.275,3371.0,1,any,False
ph-application_1508364558011_33542,11414.6,867.0,1,any,False
ph-application_1508364558011_33545,11415.75,3780.0,1,any,False
ph-application_1508364558011_33562,11418.3,862.0,1,any,False
ph-application_1508364558011_33592,11423.475,1430.0,1,any,False
ph-application_1508364558011_33630,11428.775,5439.0,1,any,False
ph-application_1508364558011_33699,11481.575,69.0,1,any,False
ph-application_1508364558011_33708,11502.7,461.0,1,any,False
ph-application_1508364558011_33709,11511.675,81.0,1,any,False
ph-application_1508364558011_33723,11547.8,329.0,1,any,False
ph-application_1508364558011_33765,11618.6,68.0,1,any,False
ph-application_1508364558011_33777,11663.475,214.0,1,any,False
ph-application_1508364558011_33786,11664.475,1522.0,1,any,False
ph-application_1508364558011_33860,11674.875,1063.0,1,any,False
ph-application_1508364558011_33910,11684.45,299.0,1,any,False
ph-application_1508364558011_34065,11717.1,896.0,1,any,False
ph-application_1508364558011_34096,11755.65,321.0,1,any,False
ph-application_1508364558011_34134,11760.8,321.0,1,any,False
ph-application_1508364558011_34196,11768.5,226.0,1,any,False
ph-application_1508364558011_34251,11776.1,214.0,1,any,False
ph-application_1508364558011_34256,11776.525,297.0,1,any,False
ph-application_1508364558011_34261,11777.175,224.0,1,any,False
ph-application_1508364558011_34329,11785.525,741.0,1,any,False
ph-application_1508364558011_34385,11792.625,1796.0,1,any,True
ph-application_1508364558011_34405,11795.075,378.0,1,any,False
ph-application_1508364558011_34440,11798.85,25.0,1,any,False
ph-application_1508364558011_34484,11800.95,2346.0,1,any,False
ph-application_1508364558011_34506,11802.175,1526.0,1,any,False
ph-application_1508364558011_34510,11802.5,294.0,1,any,False
ph-application_1508364558011_34531,11803.55,2422.0,1,any,False
ph-application_1508364558011_34532,11803.6,2339.0,1,any,False
ph-application_1508364558011_34591,11804.95,1605.0,1,any,False
ph-application_1508364558011_34599,11805.3,1827.0,1,any,False
ph-application_1508364558011_34726,11807.825,1683.0,1,any,False
ph-application_1508364558011_34739,11808.35,1950.0,1,any,False
ph-application_1508364558011_34752,11808.55,2118.0,1,any,False
ph-application_1508364558011_34784,11808.9,1782.0,1,any,False
ph-application_1508364558011_34890,11927.6,833.0,1,any,False
ph-application_1508364558011_34895,11928.375,234.0,1,any,False
ph-application_1508364558011_34905,11929.575,510.0,1,any,False
ph-application_1508364558011_34907,11929.95,509.0,1,any,False
ph-application_1508364558011_34937,11933.825,768.0,1,any,False
ph-application_1508364558011_34960,11937.325,224.0,1,any,False
ph-application_1508364558011_34966,11938.025,191.0,1,any,False
ph-application_1508364558011_34993,11954.525,1763.0,1,any,False
ph-application_1508364558011_35067,11956.175,1796.0,1,any,False
ph-application_1508364558011_35068,11956.175,1892.0,1,any,False
ph-application_1508364558011_35097,11957.025,1723.0,1,any,False
ph-application_1508364558011_35146,11957.3,3397.0,1,any,True
ph-application_1508364558011_35153,11957.4,1480.0,1,any,False
ph-application_1508364558011_35196,12044.45,2838.0,1,any,False
ph-application_1508364558011_35297,12228.45,3463.0,1,any,True
ph-application_1508364558011_35351,12229.7,4687.0,1,any,True
ph-application_1508364558011_35419,12230.975,2921.0,1,any,True
ph-application_1508364558011_35456,12231.675,2773.0,1,any,True
ph-application_1508364558011_35538,12233.1,4005.0,1,any,True
ph-application_1508364558011_35583,12234.0,3500.0,1,any,True
ph-application_1508364558011_35641,12234.725,3752.0,1,any,True
ph-application_1508364558011_35650,12234.9,4302.0,1,any,True
ph-application_1508364558011_35654,12235.175,4042.0,1,any,True
ph-application_1508364558011_35731,12236.55,3458.0,1,any,True
ph-application_1508364558011_35782,12237.6,4607.0,1,any,True
ph-application_1508364558011_35829,12239.675,3520.0,1,any,True
ph-application_1508364558011_35919,12379.7,2658.0,1,any,False
ph-application_1508364558011_35941,12382.45,2864.0,1,any,False
ph-application_1508364558011_36010,12516.55,65.0,1,any,False
ph-application_1508364558011_36015,12531.575,71.0,1,any,False
ph-application_1508364558011_36024,12556.15,31.0,1,any,False
ph-application_1508364558011_36030,12561.5,16.0,2,any,False
ph-application_1508364558011_36037,12576.575,64.0,1,any,False
ph-application_1508364558011_36120,12681.575,67.0,1,any,False
ph-application_1508364558011_36165,12815.45,4315.0,1,any,True
ph-application_1508364558011_36171,12815.575,3439.0,1,any,True
ph-application_1508364558011_36198,12815.925,4264.0,1,any,True
ph-application_1508364558011_36207,12816.15,4031.0,1,any,True
ph-application_1508364558011_36249,12842.95,1888.0,1,any,False
ph-application_1508364558011_36299,12953.0,9.0,1,any,False
ph-application_1508364558011_36324,13003.5,108.0,1,any,False
ph-application_1508364558011_36330,13011.65,516.0,8,any,False
ph-application_1508364558011_36343,13045.075,607.0,8,any,False
ph-application_1508364558011_36387,13116.125,95.0,4,any,False
ph-application_1508364558011_36394,13145.425,513.0,8,any,False
ph-application_1508364558011_36430,13191.1,641.0,1,any,False
ph-application_1508364558011_36434,13196.525,272.0,1,any,False
ph-application_1508364558011_36482,13290.775,1518.0,1,any,False
ph-application_1508364558011_36527,13385.325,140.0,1,any,False
ph-application_1508364558011_36645,13676.575,178.0,8,any,False
ph-application_1508364558011_36741,14031.575,40.0,1,any,False
ph-application_1508364558011_36798,14180.475,112.0,2,any,False
ph-application_1508364558011_36822,14211.575,32.0,1,any,False
ph-application_1508364558011_36870,14444.25,943.0,1,any,False
ph-application_1508364558011_36886,14481.575,23.0,1,any,False
ph-application_1508364558011_36888,14488.875,28.0,8,any,False
ph-application_1508364558011_36895,14538.125,567.0,4,any,True
ph-application_1508364558011_36914,14628.9,599.0,4,any,True
ph-application_1508364558011_36927,14661.55,64.0,1,any,False
ph-application_1508364558011_37016,15099.2,7058.0,1,any,False
ph-application_1508364558011_37065,15221.075,190.0,4,any,False
ph-application_1508364558011_37086,15261.6,58.0,1,any,False
ph-application_1508364558011_37159,15420.825,412.0,4,any,False
ph-application_1508364558011_37200,15558.025,1903.0,1,any,True
ph-application_1508364558011_37211,15559.575,844.0,1,any,False
ph-application_1508364558011_37230,15561.5,732.0,1,any,False
ph-application_1508364558011_37291,15568.825,591.0,1,any,False
ph-application_1508364558011_37302,15570.025,215.0,1,any,False
ph-application_1508364558011_37345,15575.25,295.0,1,any,False
ph-application_1508364558011_37411,15584.025,213.0,1,any,False
ph-application_1508364558011_37418,15585.15,19.0,1,any,False
ph-application_1508364558011_37432,15586.675,587.0,1,any,False
ph-application_1508364558011_37433,15586.975,576.0,1,any,False
ph-application_1508364558011_37453,15589.375,188.0,1,any,False
ph-application_1508364558011_37464,15590.6,389.0,1,any,False
ph-application_1508364558011_37467,15590.925,506.0,1,any,False
ph-application_1508364558011_37474,15591.625,750.0,1,any,False
ph-application_1508364558011_37543,15600.125,515.0,1,any,False
ph-application_1508364558011_37544,15600.25,193.0,1,any,False
ph-application_1508364558011_37583,15605.0,184.0,1,any,False
ph-application_1508364558011_37589,15605.4,186.0,1,any,False
ph-application_1508364558011_37590,15605.575,722.0,1,any,False
ph-application_1508364558011_37602,15606.625,835.0,1,any,False
ph-application_1508364558011_37610,15607.55,509.0,1,any,False
ph-application_1508364558011_37628,15610.175,208.0,1,any,False
ph-application_1508364558011_37682,15617.325,517.0,1,any,False
ph-application_1508364558011_37708,15620.15,594.0,1,any,False
ph-application_1508364558011_37783,15720.475,6982.0,8,any,False
ph-application_1508364558011_37844,16012.55,13.0,1,any,False
ph-application_1508364558011_37896,16264.9,330.0,8,any,False
ph-application_1508364558011_38015,16791.575,59.0,1,any,False
ph-application_1508364558011_38058,17134.9,578.0,4,any,False
ph-application_1508364558011_38114,17472.775,4370.0,1,any,True
ph-application_1508364558011_38122,17473.025,3170.0,1,any,True
ph-application_1508364558011_38154,17473.85,3955.0,1,any,True
ph-application_1508364558011_38194,17474.625,4104.0,1,any,True
ph-application_1508364558011_38217,17475.0,3788.0,1,any,True
ph-application_1508364558011_38218,17475.0,3462.0,1,any,True
ph-application_1508364558011_38229,17475.15,3746.0,1,any,True
ph-application_1508364558011_38308,17476.6,3279.0,1,any,True
ph-application_1508364558011_38336,17477.3,3451.0,1,any,True
ph-application_1508364558011_38375,17478.0,3022.0,1,any,True
ph-application_1508364558011_38489,17479.8,102.0,1,any,False
ph-application_1508364558011_38532,17480.425,4430.0,1,any,True
ph-application_1508364558011_38549,17480.675,2800.0,1,any,True
ph-application_1508364558011_38562,17480.9,3808.0,1,any,True
ph-application_1508364558011_38635,17482.625,3160.0,1,any,True
ph-application_1508364558011_38657,17483.1,3405.0,1,any,True
ph-application_1508364558011_38685,17483.4,3855.0,1,any,True
ph-application_1508364558011_38725,17484.0,3020.0,1,any,True
ph-application_1508364558011_38760,17485.925,3285.0,1,any,True
ph-application_1508364558011_38844,17530.725,209.0,1,any,False
ph-application_1508364558011_38862,17533.175,206.0,1,any,False
ph-application_1508364558011_38916,17539.5,312.0,1,any,False
ph-application_1508364558011_38922,17540.025,278.0,1,any,False
ph-application_1508364558011_38930,17540.925,222.0,1,any,False
ph-application_1508364558011_38932,17541.075,183.0,1,any,False
ph-application_1508364558011_38956,17543.975,186.0,1,any,False
ph-application_1508364558011_38966,17545.15,303.0,1,any,False
ph-application_1508364558011_39104,17563.0,815.0,1,any,False
ph-application_1508364558011_39179,17572.8,34.0,1,any,False
ph-application_1508364558011_39252,17582.65,668.0,1,any,False
ph-application_1508364558011_39402,17601.75,883.0,1,any,False
ph-application_1508364558011_39404,17601.975,699.0,1,any,False
ph-application_1508364558011_39417,17604.05,741.0,1,any,False
ph-application_1508364558011_39427,17605.125,478.0,1,any,False
ph-application_1508364558011_39456,17609.3,830.0,1,any,False
ph-application_1508364558011_39649,17770.375,519.0,1,any,False
ph-application_1508364558011_39717,17779.125,1066.0,1,any,False
ph-application_1508364558011_39743,17781.925,774.0,1,any,False
ph-application_1508364558011_39799,17789.35,280.0,1,any,False
ph-application_1508364558011_39870,17798.4,299.0,1,any,False
ph-application_1508364558011_39877,17799.525,316.0,1,any,False
ph-application_1508364558011_39887,17801.425,176.0,1,any,False
ph-application_1508364558011_39893,17802.0,179.0,1,any,False
ph-application_1508364558011_39913,17804.4,186.0,1,any,False
ph-application_1508364558011_39926,17805.825,300.0,1,any,False
ph-application_1508364558011_40050,17824.8,514.0,1,any,False
ph-application_1508364558011_40063,17826.55,55.0,1,any,False
ph-application_1508364558011_40066,17826.825,389.0,1,any,False
ph-application_1508364558011_40067,17827.05,379.0,1,any,False
ph-application_1508364558011_40075,17828.025,502.0,1,any,False
ph-application_1508364558011_40087,17829.825,829.0,1,any,False
ph-application_1508364558011_40089,17830.2,306.0,1,any,False
ph-application_1508364558011_40138,17835.775,589.0,1,any,False
ph-application_1508364558011_40184,17841.225,310.0,1,any,False
ph-application_1508364558011_40205,17854.325,175.0,4,any,True
ph-application_1508364558011_40239,17909.125,2548.0,1,any,False
ph-application_1508364558011_40270,17948.8,93.0,1,any,False
ph-application_1508364558011_40300,17972.275,1326.0,1,any,False
ph-application_1508364558011_40394,17984.25,1195.0,1,any,False
ph-application_1508364558011_40603,18126.575,63.0,1,any,False
ph-application_1508364558011_40647,18269.375,51.0,1,any,False
ph-application_1508364558011_40649,18276.575,61.0,1,any,False
ph-application_1508364558011_40660,18303.275,602.0,1,any,False
ph-application_1508364558011_40680,18396.575,52.0,1,any,False
ph-application_1508364558011_40693,18478.1,571.0,1,any,False
ph-application_1508364558011_40811,18802.9,6830.0,1,any,False
ph-application_1508364558011_40920,18907.35,24.0,1,any,False
ph-application_1508364558011_41037,19129.125,231.0,1,any,False
ph-application_1508364558011_41144,19267.575,4267.0,1,any,True
ph-application_1508364558011_41252,19269.475,3742.0,1,any,True
ph-application_1508364558011_41265,19269.675,3404.0,1,any,True
ph-application_1508364558011_41356,19271.025,5166.0,1,any,True
ph-application_1508364558011_41376,19272.825,3800.0,1,any,True
ph-application_1508364558011_41420,19356.575,66.0,1,any,False
ph-application_1508364558011_41453,19456.15,80.0,1,any,False
ph-application_1508364558011_41484,19571.175,292.0,4,any,True
ph-application_1508364558011_41495,19596.5,282.0,8,any,False
ph-application_1508364558011_41602,19879.825,38.0,1,any,False
ph-application_1508364558011_41686,20043.125,3746.0,1,any,False
ph-application_1508364558011_41729,20137.05,108.0,1,any,False
ph-application_1508364558011_41734,20152.575,72.0,1,any,True
ph-application_1508364558011_41757,20196.575,80.0,1,any,False
ph-application_1508364558011_41824,20330.275,104.0,1,any,False
ph-application_1508364558011_41901,20366.65,100.0,1,any,False
ph-application_1508364558011_42065,20858.375,777.0,1,any,False
ph-application_1508364558011_42071,20901.575,56.0,1,any,False
ph-application_1508364558011_42302,21438.525,53.0,1,any,False
ph-application_1508364558011_42304,21439.325,3056.0,1,any,False
ph-application_1508364558011_42306,21440.925,434.0,1,any,False
ph-application_1508364558011_42324,21461.65,414.0,1,any,False
ph-application_1508364558011_42342,21486.025,590.0,1,any,False
ph-application_1508364558011_42361,21510.875,780.0,1,any,False
ph-application_1508364558011_42418,21648.3,44.0,2,any,False
ph-application_1508364558011_42421,21658.175,60.0,1,any,False
ph-application_1508364558011_42469,21802.525,597.0,4,any,True
ph-application_1508364558011_42556,22045.925,8.0,1,any,False
ph-application_1508364558011_42649,22060.95,1545.0,4,any,True
ph-application_1508364558011_42768,22183.65,1613.0,1,any,False
ph-application_1508364558011_42788,22188.125,1604.0,1,any,False
ph-application_1508364558011_42811,22209.05,144.0,1,any,False
ph-application_1508364558011_42878,22339.4,268.0,1,any,False
ph-application_1508364558011_42892,22370.575,13.0,1,any,False
ph-application_1508364558011_42908,22395.025,11.0,8,any,False
ph-application_1508364558011_42986,22581.575,64.0,1,any,False
ph-application_1508364558011_43094,22878.2,3788.0,8,any,False
ph-application_1508364558011_43127,22941.55,54.0,1,any,False
ph-application_1508364558011_43260,23421.5,6714.0,1,any,False
ph-application_1508364558011_43265,23434.35,4783.0,1,any,False
ph-application_1508364558011_43339,23551.9,118.0,1,any,True
ph-application_1508364558011_43346,23573.9,2.0,1,any,False
ph-application_1508364558011_43353,23581.325,36.0,1,any,False
ph-application_1508364558011_43407,23691.55,71.0,1,any,False
ph-application_1508364558011_43537,23970.15,1970.0,1,any,False
ph-application_1508364558011_43538,23970.2,288.0,1,any,False
ph-application_1508364558011_43572,23974.275,175.0,1,any,False
ph-application_1508364558011_43573,23974.35,507.0,1,any,False
ph-application_1508364558011_43577,23974.75,340.0,1,any,False
ph-application_1508364558011_43599,23977.45,331.0,1,any,False
ph-application_1508364558011_43612,23980.05,747.0,1,any,False
ph-application_1508364558011_43625,23981.525,281.0,1,any,False
ph-application_1508364558011_43628,23981.925,674.0,1,any,False
ph-application_1508364558011_43645,23984.225,259.0,1,any,False
ph-application_1508364558011_43649,23984.55,665.0,1,any,False
ph-application_1508364558011_43685,23988.95,177.0,1,any,False
ph-application_1508364558011_43697,23990.75,269.0,1,any,False
ph-application_1508364558011_43767,24001.7,327.0,1,any,False
ph-application_1508364558011_43933,24023.775,960.0,1,any,False
ph-application_1508364558011_43949,24025.875,929.0,1,any,False
ph-application_1508364558011_43965,24028.9,597.0,1,any,False
ph-application_1508364558011_43967,24029.175,1907.0,1,any,False
ph-application_1508364558011_43983,24031.4,751.0,1,any,False
ph-application_1508364558011_43986,24031.75,457.0,1,any,False
ph-application_1508364558011_43992,24032.575,884.0,1,any,False
ph-application_1508364558011_44042,24193.35,23.0,1,any,False
ph-application_1508364558011_44077,24251.875,29.0,1,any,False
ph-application_1508364558011_44091,24269.125,464.0,1,any,False
ph-application_1508364558011_44097,24270.575,534.0,1,any,False
ph-application_1508364558011_44166,24280.95,480.0,1,any,False
ph-application_1508364558011_44208,24298.125,805.0,1,any,False
ph-application_1508364558011_44223,24312.675,52.0,1,any,False
ph-application_1508364558011_44225,24312.75,85.0,1,any,True
ph-application_1508364558011_44247,24329.675,58.0,1,any,False
ph-application_1508364558011_44259,24339.175,277.0,1,any,False
ph-application_1508364558011_44278,24342.05,300.0,1,any,False
ph-application_1508364558011_44322,24346.9,302.0,1,any,False
ph-application_1508364558011_44323,24347.05,266.0,1,any,False
ph-application_1508364558011_44367,24358.1,323.0,1,any,False
ph-application_1508364558011_44385,24359.975,353.0,1,any,False
ph-application_1508364558011_44399,24361.475,268.0,1,any,False
ph-application_1508364558011_44473,24370.1,270.0,1,any,False
ph-application_1508364558011_44480,24370.925,38.0,4,any,False
ph-application_1508364558011_44524,24376.45,101.0,1,any,False
ph-application_1508364558011_44573,24380.85,303.0,1,any,False
ph-application_1508364558011_44581,24381.575,204.0,1,any,False
ph-application_1508364558011_44605,24384.95,459.0,1,any,False
ph-application_1508364558011_44634,24388.375,265.0,1,any,False
ph-application_1508364558011_44636,24388.55,342.0,1,any,False
ph-application_1508364558011_44653,24390.375,263.0,1,any,False
ph-application_1508364558011_44655,24390.575,56.0,1,any,False
ph-application_1508364558011_44676,24392.975,348.0,1,any,False
ph-application_1508364558011_44716,24398.25,226.0,1,any,False
ph-application_1508364558011_44846,24456.775,309.0,4,any,True
ph-application_1508364558011_44851,24460.325,156.0,1,any,False
ph-application_1508364558011_44913,24470.45,191.0,1,any,False
ph-application_1508364558011_44942,24473.325,516.0,1,any,False
ph-application_1508364558011_44951,24474.175,123.0,1,any,False
ph-application_1508364558011_45015,24481.45,227.0,1,any,False
ph-application_1508364558011_45037,24484.425,206.0,1,any,False
ph-application_1508364558011_45072,24488.25,476.0,1,any,False
ph-application_1508364558011_45136,24498.275,103.0,1,any,False
ph-application_1508364558011_45170,24503.4,106.0,1,any,False
ph-application_1508364558011_45210,24508.275,184.0,1,any,False
ph-application_1508364558011_45216,24508.95,180.0,1,any,False
ph-application_1508364558011_45217,24509.075,558.0,4,any,True
ph-application_1508364558011_45374,24533.2,223.0,1,any,False
ph-application_1508364558011_45431,24631.275,499.0,1,any,False
ph-application_1508364558011_45486,24641.45,581.0,1,any,False
ph-application_1508364558011_45494,24642.75,435.0,1,any,False
ph-application_1508364558011_45546,24654.85,1570.0,1,any,False
ph-application_1508364558011_45574,24662.6,2180.0,1,any,False
ph-application_1508364558011_45581,24664.7,1883.0,1,any,False
ph-application_1508364558011_45614,24669.925,1962.0,1,any,False
ph-application_1508364558011_45626,24672.75,1535.0,1,any,False
ph-application_1508364558011_45649,24726.6,65.0,1,any,False
ph-application_1508364558011_45659,24771.65,6043.0,1,any,False
ph-application_1508364558011_45712,24966.55,68.0,1,any,False
ph-application_1508364558011_45733,25013.2,554.0,4,any,True
ph-application_1508364558011_45741,25038.3,4231.0,1,any,False
ph-application_1508364558011_45775,25140.0,10.0,2,any,False
ph-application_1508364558011_45778,25161.55,44.0,1,any,False
ph-application_1508364558011_45831,25311.575,64.0,1,any,False
ph-application_1508364558011_46093,25778.45,60.0,1,any,False
ph-application_1508364558011_46168,25831.125,39.0,4,any,False
ph-application_1508364558011_46181,25851.575,44.0,1,any,False
ph-application_1508364558011_46186,25860.65,17.0,8,any,False
ph-application_1508364558011_46191,25866.6,65.0,1,any,False
ph-application_1508364558011_46214,25896.6,65.0,1,any,False
ph-application_1508364558011_46241,25923.65,35.0,1,any,False
ph-application_1508364558011_46269,25942.425,28.0,8,any,False
ph-application_1508364558011_46364,26064.475,492.0,8,any,False
ph-application_1508364558011_46396,26099.925,920.0,1,any,False
ph-application_1508364558011_46466,26241.575,27.0,1,any,False
ph-application_1508364558011_46488,26283.475,27.0,8,any,False
ph-application_1508364558011_46540,26362.675,34.0,1,any,False
ph-application_1508364558011_46615,26498.1,38.0,1,any,False
ph-application_1508364558011_46637,26528.675,43.0,1,any,False
ph-application_1508364558011_46665,26557.45,689.0,4,any,False
ph-application_1508364558011_46696,26592.9,7.0,4,any,False
ph-application_1508364558011_46744,26630.05,3725.0,8,any,False
ph-application_1508364558011_46796,26733.1,64.0,1,any,False
ph-application_1508364558011_46834,26826.575,58.0,1,any,False
ph-application_1508364558011_46991,27201.575,68.0,1,any,False
ph-application_1508364558011_47041,27347.425,12.0,4,any,False
ph-application_1508364558011_47090,27438.5,177.0,1,any,False
ph-application_1508364558011_47101,27461.35,26.0,1,any,False
ph-application_1508364558011_47107,27471.575,51.0,1,any,False
ph-application_1508364558011_47170,27536.1,889.0,1,any,False
ph-application_1508364558011_47184,27591.55,63.0,1,any,False
ph-application_1508364558011_47271,27837.2,4214.0,1,any,False
ph-application_1508364558011_47305,27893.45,65.0,1,any,False
ph-application_1508364558011_47345,27925.875,1755.0,1,any,False
ph-application_1508364558011_47362,27929.75,54.0,4,any,False
ph-application_1508364558011_47419,27965.925,37.0,1,any,False
ph-application_1508364558011_47478,28040.675,3197.0,1,any,False
ph-application_1508364558011_47502,28086.575,62.0,1,any,False
ph-application_1508364558011_47521,28140.475,2024.0,1,any,False
ph-application_1508364558011_47539,28206.6,68.0,1,any,False
ph-application_1508364558011_47621,28490.225,60.0,1,any,False
ph-application_1508364558011_47640,28545.9,15.0,1,any,False
ph-application_1508364558011_47645,28581.575,34.0,1,any,False
ph-application_1508364558011_47660,28626.575,97.0,1,any,False
ph-application_1508364558011_47714,28851.525,70.0,1,any,False
ph-application_1508364558011_47803,29601.575,68.0,1,any,False
ph-application_1508364558011_47850,29882.375,39.0,1,any,False
