ts,gpu_util_avg,gpu_mem_used_mib,n_gpu,alloc_used,alloc_pct,pending_gpu_pods,running_gpu_pods
2026-06-11T17:04:42.205367+00:00,0.0,0.0,8,0,0.0,1,0
2026-06-11T17:04:45.389317+00:00,0.0,0.0,8,0,0.0,2,0
2026-06-11T17:04:48.557161+00:00,0.0,0.0,8,1,12.5,3,1
2026-06-11T17:04:51.720410+00:00,0.0,0.0,8,3,37.5,2,3
2026-06-11T17:04:55.045497+00:00,0.0,0.0,8,3,37.5,4,3
2026-06-11T17:04:58.250130+00:00,0.0,0.0,8,5,62.5,3,5
2026-06-11T17:05:01.405430+00:00,0.0,0.0,8,7,87.5,3,6
2026-06-11T17:05:04.618255+00:00,0.0,0.0,8,5,62.5,5,4
2026-06-11T17:05:07.784484+00:00,0.0,0.0,8,6,75.0,3,6
2026-06-11T17:05:10.978574+00:00,0.0,0.0,8,6,75.0,5,6
2026-06-11T17:05:14.392111+00:00,0.0,0.0,8,5,62.5,5,5
2026-06-11T17:05:17.555659+00:00,0.0,0.0,8,7,87.5,3,7
2026-06-11T17:05:20.716648+00:00,0.0,0.0,8,5,62.5,5,5
2026-06-11T17:05:23.902868+00:00,0.0,0.0,8,6,75.0,4,5
2026-06-11T17:05:27.120056+00:00,0.0,0.0,8,5,62.5,4,5
2026-06-11T17:05:30.553492+00:00,0.0,0.0,8,5,62.5,6,5
2026-06-11T17:05:33.729481+00:00,0.0,0.0,8,5,62.5,4,5
2026-06-11T17:05:36.921408+00:00,0.0,0.0,8,7,87.5,4,7
2026-06-11T17:05:40.143754+00:00,0.0,0.0,8,4,50.0,6,4
2026-06-11T17:05:43.314949+00:00,0.0,0.0,8,5,62.5,6,5
2026-06-11T17:05:46.488883+00:00,0.0,0.0,8,6,75.0,7,6
2026-06-11T17:05:49.684794+00:00,0.0,0.0,8,7,87.5,6,7
2026-06-11T17:05:52.856742+00:00,0.0,0.0,8,5,62.5,8,5
2026-06-11T17:05:56.051372+00:00,0.0,0.0,8,4,50.0,8,4
2026-06-11T17:05:59.217090+00:00,0.0,0.0,8,4,50.0,9,4
2026-06-11T17:06:02.395606+00:00,0.0,0.0,8,5,62.5,9,5
2026-06-11T17:06:05.672645+00:00,0.0,0.0,8,5,62.5,10,5
2026-06-11T17:06:08.848715+00:00,0.0,0.0,8,6,75.0,11,6
2026-06-11T17:06:12.023356+00:00,0.0,0.0,8,6,75.0,12,6
2026-06-11T17:06:15.274482+00:00,0.0,0.0,8,5,62.5,13,5
2026-06-11T17:06:18.484618+00:00,0.0,0.0,8,7,87.5,12,7
2026-06-11T17:06:21.662357+00:00,0.0,0.0,8,8,100.0,12,8
2026-06-11T17:06:25.064198+00:00,0.0,0.0,8,6,75.0,14,6
2026-06-11T17:06:28.295648+00:00,0.0,0.0,8,7,87.5,14,7
2026-06-11T17:06:31.488525+00:00,0.0,0.0,8,8,100.0,14,8
2026-06-11T17:06:34.681996+00:00,0.0,0.0,8,6,75.0,16,6
2026-06-11T17:06:37.870744+00:00,0.0,0.0,8,8,100.0,15,8
2026-06-11T17:06:41.086834+00:00,0.0,0.0,8,8,100.0,17,8
2026-06-11T17:06:44.296074+00:00,0.0,0.0,8,6,75.0,18,6
2026-06-11T17:06:47.477259+00:00,0.0,0.0,8,8,100.0,19,7
2026-06-11T17:06:50.665691+00:00,0.0,0.0,8,8,100.0,21,7
2026-06-11T17:06:53.899227+00:00,0.0,0.0,8,4,50.0,22,4
2026-06-11T17:06:57.122860+00:00,0.0,0.0,8,4,50.0,24,4
2026-06-11T17:07:00.397793+00:00,0.0,0.0,8,7,87.5,22,7
2026-06-11T17:07:03.585684+00:00,0.0,0.0,8,4,50.0,22,4
2026-06-11T17:07:06.806485+00:00,0.0,0.0,8,4,50.0,24,4
2026-06-11T17:07:10.039022+00:00,0.0,0.0,8,7,87.5,24,4
2026-06-11T17:07:13.237521+00:00,0.0,0.0,8,8,100.0,25,5
2026-06-11T17:07:16.494614+00:00,0.0,0.0,8,4,50.0,27,4
2026-06-11T17:07:19.717032+00:00,0.0,0.0,8,4,50.0,27,4
2026-06-11T17:07:22.919634+00:00,0.0,0.0,8,8,100.0,25,8
2026-06-11T17:07:26.116070+00:00,0.0,0.0,8,8,100.0,26,8
2026-06-11T17:07:29.309332+00:00,0.0,0.0,8,7,87.5,28,7
2026-06-11T17:07:32.546628+00:00,0.0,0.0,8,8,100.0,29,8
2026-06-11T17:07:35.762232+00:00,0.0,0.0,8,8,100.0,30,8
2026-06-11T17:07:38.953209+00:00,0.0,0.0,8,5,62.5,32,5
2026-06-11T17:07:42.242272+00:00,0.0,0.0,8,5,62.5,33,5
2026-06-11T17:07:45.470844+00:00,0.0,0.0,8,8,100.0,32,8
2026-06-11T17:07:48.677247+00:00,0.0,0.0,8,6,75.0,34,6
2026-06-11T17:07:51.942094+00:00,0.0,0.0,8,6,75.0,35,6
2026-06-11T17:07:55.165416+00:00,0.0,0.0,8,7,87.5,36,6
2026-06-11T17:07:58.401813+00:00,0.0,0.0,8,8,100.0,36,7
2026-06-11T17:08:01.675567+00:00,0.0,0.0,8,5,62.5,38,5
2026-06-11T17:08:04.878387+00:00,0.0,0.0,8,7,87.5,37,7
2026-06-11T17:08:08.109563+00:00,0.0,0.0,8,8,100.0,37,8
2026-06-11T17:08:11.777020+00:00,0.0,0.0,8,6,75.0,39,6
2026-06-11T17:08:14.987532+00:00,0.0,0.0,8,6,75.0,39,6
2026-06-11T17:08:18.236484+00:00,0.0,0.0,8,6,75.0,40,6
2026-06-11T17:08:21.451754+00:00,0.0,0.0,8,8,100.0,40,8
2026-06-11T17:08:24.673095+00:00,0.0,0.0,8,7,87.5,41,7
2026-06-11T17:08:28.217806+00:00,0.0,0.0,8,4,50.0,43,4
2026-06-11T17:08:31.455421+00:00,0.0,0.0,8,7,87.5,41,7
2026-06-11T17:08:34.672112+00:00,0.0,0.0,8,8,100.0,41,8
2026-06-11T17:08:37.887428+00:00,0.0,0.0,8,7,87.5,43,7
2026-06-11T17:08:41.156431+00:00,0.0,0.0,8,6,75.0,45,6
2026-06-11T17:08:44.433599+00:00,0.0,0.0,8,8,100.0,45,7
2026-06-11T17:08:47.727859+00:00,0.0,0.0,8,6,75.0,47,5
2026-06-11T17:08:50.961463+00:00,0.0,0.0,8,6,75.0,47,6
2026-06-11T17:08:54.204824+00:00,0.0,0.0,8,8,100.0,46,8
2026-06-11T17:08:57.431657+00:00,0.0,0.0,8,6,75.0,48,6
2026-06-11T17:09:00.659325+00:00,0.0,0.0,8,7,87.5,47,7
2026-06-11T17:09:03.921264+00:00,0.0,0.0,8,8,100.0,48,8
2026-06-11T17:09:07.137609+00:00,0.0,0.0,8,7,87.5,50,7
2026-06-11T17:09:10.375399+00:00,0.0,0.0,8,8,100.0,50,8
2026-06-11T17:09:13.627613+00:00,0.0,0.0,8,8,100.0,52,8
2026-06-11T17:09:16.856869+00:00,0.0,0.0,8,7,87.5,53,7
2026-06-11T17:09:20.074050+00:00,0.0,0.0,8,8,100.0,54,8
2026-06-11T17:09:23.293353+00:00,0.0,0.0,8,8,100.0,56,8
2026-06-11T17:09:26.550234+00:00,0.0,0.0,8,5,62.5,57,5
2026-06-11T17:09:29.775731+00:00,0.0,0.0,8,5,62.5,59,5
2026-06-11T17:09:32.998338+00:00,0.0,0.0,8,7,87.5,59,6
2026-06-11T17:09:36.218095+00:00,0.0,0.0,8,6,75.0,59,6
2026-06-11T17:09:39.546954+00:00,0.0,0.0,8,4,50.0,61,4
2026-06-11T17:09:42.782312+00:00,0.0,0.0,8,7,87.5,58,7
2026-06-11T17:09:46.018279+00:00,0.0,0.0,8,8,100.0,59,8
2026-06-11T17:09:49.287146+00:00,0.0,0.0,8,6,75.0,61,6
2026-06-11T17:09:52.539818+00:00,0.0,0.0,8,7,87.5,60,7
2026-06-11T17:09:55.767834+00:00,0.0,0.0,8,8,100.0,61,8
2026-06-11T17:09:59.105296+00:00,0.0,0.0,8,6,75.0,63,6
2026-06-11T17:10:02.368364+00:00,0.0,0.0,8,5,62.5,62,5
2026-06-11T17:10:05.620878+00:00,0.0,0.0,8,8,100.0,61,8
2026-06-11T17:10:08.849519+00:00,0.0,0.0,8,7,87.5,62,7
2026-06-11T17:10:12.092989+00:00,0.0,0.0,8,5,62.5,63,5
2026-06-11T17:10:15.382382+00:00,0.0,0.0,8,7,87.5,63,7
2026-06-11T17:10:18.631251+00:00,0.0,0.0,8,4,50.0,63,4
2026-06-11T17:10:21.872698+00:00,0.0,0.0,8,7,87.5,64,4
2026-06-11T17:10:25.158962+00:00,0.0,0.0,8,7,87.5,65,4
2026-06-11T17:10:28.415578+00:00,0.0,0.0,8,7,87.5,66,4
2026-06-11T17:10:31.660487+00:00,0.0,0.0,8,7,87.5,67,4
2026-06-11T17:10:35.000620+00:00,0.0,0.0,8,7,87.5,68,4
2026-06-11T17:10:38.243294+00:00,0.0,0.0,8,4,50.0,69,4
2026-06-11T17:10:41.498351+00:00,0.0,0.0,8,8,100.0,67,8
2026-06-11T17:10:44.749562+00:00,0.0,0.0,8,7,87.5,68,7
2026-06-11T17:10:48.055371+00:00,0.0,0.0,8,7,87.5,69,7
2026-06-11T17:10:51.306134+00:00,0.0,0.0,8,7,87.5,71,7
2026-06-11T17:10:54.548185+00:00,0.0,0.0,8,8,100.0,71,8
2026-06-11T17:10:57.812486+00:00,0.0,0.0,8,6,75.0,73,6
2026-06-11T17:11:01.099196+00:00,0.0,0.0,8,6,75.0,74,6
2026-06-11T17:11:04.347839+00:00,0.0,0.0,8,5,62.5,74,5
2026-06-11T17:11:07.600330+00:00,0.0,0.0,8,7,87.5,73,7
2026-06-11T17:11:10.957116+00:00,0.0,0.0,8,7,87.5,74,7
2026-06-11T17:11:14.209634+00:00,0.0,0.0,8,7,87.5,75,7
2026-06-11T17:11:17.469739+00:00,0.0,0.0,8,8,100.0,76,8
2026-06-11T17:11:20.745008+00:00,0.0,0.0,8,8,100.0,77,8
2026-06-11T17:11:24.005061+00:00,0.0,0.0,8,8,100.0,79,8
2026-06-11T17:11:27.286875+00:00,0.0,0.0,8,8,100.0,80,8
2026-06-11T17:11:30.679678+00:00,0.0,0.0,8,7,87.5,82,7
2026-06-11T17:11:33.934319+00:00,0.0,0.0,8,7,87.5,83,7
2026-06-11T17:11:37.185354+00:00,0.0,0.0,8,7,87.5,84,7
2026-06-11T17:11:40.459616+00:00,0.0,0.0,8,7,87.5,85,7
2026-06-11T17:11:43.731037+00:00,0.0,0.0,8,8,100.0,86,8
2026-06-11T17:11:46.996478+00:00,0.0,0.0,8,7,87.5,87,7
2026-06-11T17:11:50.275306+00:00,0.0,0.0,8,7,87.5,88,7
2026-06-11T17:11:53.569692+00:00,0.0,0.0,8,7,87.5,89,7
2026-06-11T17:11:56.866140+00:00,0.0,0.0,8,6,75.0,90,6
2026-06-11T17:12:00.133406+00:00,0.0,0.0,8,5,62.5,91,4
2026-06-11T17:12:03.433425+00:00,0.0,0.0,8,5,62.5,91,4
2026-06-11T17:12:06.925111+00:00,0.0,0.0,8,5,62.5,91,5
2026-06-11T17:12:10.241031+00:00,0.0,0.0,8,6,75.0,90,6
2026-06-11T17:12:13.527255+00:00,0.0,0.0,8,5,62.5,91,5
2026-06-11T17:12:16.996872+00:00,0.0,0.0,8,6,75.0,91,6
2026-06-11T17:12:20.276782+00:00,0.0,0.0,8,5,62.5,91,5
2026-06-11T17:12:23.574998+00:00,0.0,0.0,8,5,62.5,92,5
2026-06-11T17:12:26.884442+00:00,0.0,0.0,8,6,75.0,92,5
2026-06-11T17:12:30.152321+00:00,0.0,0.0,8,5,62.5,92,5
2026-06-11T17:12:33.685975+00:00,0.0,0.0,8,5,62.5,94,5
2026-06-11T17:12:36.953689+00:00,0.0,0.0,8,7,87.5,92,7
2026-06-11T17:12:40.223629+00:00,0.0,0.0,8,7,87.5,93,7
2026-06-11T17:12:43.609162+00:00,0.0,0.0,8,7,87.5,94,7
2026-06-11T17:12:46.888214+00:00,0.0,0.0,8,7,87.5,95,7
2026-06-11T17:12:50.160437+00:00,0.0,0.0,8,8,100.0,96,8
2026-06-11T17:12:53.459224+00:00,0.0,0.0,8,8,100.0,97,8
2026-06-11T17:12:56.737450+00:00,0.0,0.0,8,8,100.0,99,8
2026-06-11T17:13:00.040708+00:00,0.0,0.0,8,8,100.0,101,8
2026-06-11T17:13:03.473719+00:00,0.0,0.0,8,6,75.0,102,6
2026-06-11T17:13:06.764807+00:00,0.0,0.0,8,6,75.0,102,6
2026-06-11T17:13:10.065314+00:00,0.0,0.0,8,6,75.0,104,6
2026-06-11T17:13:13.791728+00:00,0.0,0.0,8,6,75.0,103,6
2026-06-11T17:13:17.103547+00:00,0.0,0.0,8,7,87.5,103,7
2026-06-11T17:13:20.417853+00:00,0.0,0.0,8,8,100.0,104,8
2026-06-11T17:13:23.696431+00:00,0.0,0.0,8,6,75.0,105,6
2026-06-11T17:13:26.983422+00:00,0.0,0.0,8,6,75.0,105,6
2026-06-11T17:13:30.288535+00:00,0.0,0.0,8,6,75.0,107,6
2026-06-11T17:13:33.590051+00:00,0.0,0.0,8,6,75.0,106,6
2026-06-11T17:13:36.875558+00:00,0.0,0.0,8,4,50.0,106,4
2026-06-11T17:13:40.244375+00:00,0.0,0.0,8,4,50.0,108,4
2026-06-11T17:13:43.526583+00:00,0.0,0.0,8,6,75.0,108,3
2026-06-11T17:13:46.849763+00:00,0.0,0.0,8,8,100.0,108,5
2026-06-11T17:13:50.220368+00:00,0.0,0.0,8,4,50.0,110,4
2026-06-11T17:13:53.505117+00:00,0.0,0.0,8,7,87.5,110,4
2026-06-11T17:13:56.810002+00:00,0.0,0.0,8,8,100.0,111,5
2026-06-11T17:14:00.179584+00:00,0.0,0.0,8,7,87.5,113,4
2026-06-11T17:14:03.497705+00:00,0.0,0.0,8,4,50.0,113,4
2026-06-11T17:14:06.813085+00:00,0.0,0.0,8,8,100.0,114,5
2026-06-11T17:14:10.162202+00:00,0.0,0.0,8,5,62.5,116,2
2026-06-11T17:14:13.460558+00:00,0.0,0.0,8,8,100.0,114,5
2026-06-11T17:14:16.802862+00:00,0.0,0.0,8,8,100.0,116,5
2026-06-11T17:14:20.126936+00:00,0.0,0.0,8,7,87.5,118,4
2026-06-11T17:14:23.434262+00:00,0.0,0.0,8,4,50.0,118,4
2026-06-11T17:14:27.070877+00:00,0.0,0.0,8,4,50.0,120,4
2026-06-11T17:14:30.437953+00:00,0.0,0.0,8,8,100.0,118,8
2026-06-11T17:14:33.747474+00:00,0.0,0.0,8,8,100.0,119,8
2026-06-11T17:14:37.289945+00:00,0.0,0.0,8,4,50.0,121,4
2026-06-11T17:14:40.629659+00:00,0.0,0.0,8,4,50.0,119,4
2026-06-11T17:14:43.933127+00:00,0.0,0.0,8,4,50.0,119,4
2026-06-11T17:14:47.775027+00:00,0.0,0.0,8,3,37.5,121,3
2026-06-11T17:14:51.095360+00:00,0.0,0.0,8,5,62.5,118,5
2026-06-11T17:14:54.401244+00:00,0.0,0.0,8,8,100.0,117,8
2026-06-11T17:14:57.714533+00:00,0.0,0.0,8,8,100.0,118,8
2026-06-11T17:15:01.046778+00:00,0.0,0.0,8,8,100.0,120,8
2026-06-11T17:15:04.348429+00:00,0.0,0.0,8,8,100.0,122,8
2026-06-11T17:15:07.682200+00:00,0.0,0.0,8,7,87.5,123,7
2026-06-11T17:15:10.996804+00:00,0.0,0.0,8,7,87.5,124,7
2026-06-11T17:15:14.604278+00:00,0.0,0.0,8,8,100.0,125,8
2026-06-11T17:15:18.291964+00:00,0.0,0.0,8,4,50.0,127,4
2026-06-11T17:15:21.608870+00:00,0.0,0.0,8,4,50.0,124,4
2026-06-11T17:15:24.945078+00:00,0.0,0.0,8,4,50.0,126,4
2026-06-11T17:15:28.357513+00:00,0.0,0.0,8,7,87.5,124,7
2026-06-11T17:15:31.684282+00:00,0.0,0.0,8,5,62.5,124,5
2026-06-11T17:15:35.021311+00:00,0.0,0.0,8,5,62.5,126,5
2026-06-11T17:15:38.374691+00:00,0.0,0.0,8,4,50.0,125,4
2026-06-11T17:15:41.725123+00:00,0.0,0.0,8,7,87.5,122,7
2026-06-11T17:15:45.050865+00:00,0.0,0.0,8,7,87.5,124,7
2026-06-11T17:15:48.402602+00:00,0.0,0.0,8,5,62.5,125,5
2026-06-11T17:15:51.761652+00:00,0.0,0.0,8,6,75.0,123,6
2026-06-11T17:15:55.297525+00:00,0.0,0.0,8,6,75.0,125,6
2026-06-11T17:15:58.629366+00:00,0.0,0.0,8,5,62.5,125,5
2026-06-11T17:16:01.960802+00:00,0.0,0.0,8,8,100.0,123,8
2026-06-11T17:16:05.485293+00:00,0.0,0.0,8,6,75.0,125,6
2026-06-11T17:16:08.825206+00:00,0.0,0.0,8,7,87.5,125,7
2026-06-11T17:16:12.157425+00:00,0.0,0.0,8,8,100.0,125,8
2026-06-11T17:16:15.580006+00:00,0.0,0.0,8,6,75.0,127,6
2026-06-11T17:16:18.954872+00:00,0.0,0.0,8,6,75.0,127,6
2026-06-11T17:16:22.287067+00:00,0.0,0.0,8,6,75.0,128,6
2026-06-11T17:16:25.995581+00:00,0.0,0.0,8,5,62.5,128,5
2026-06-11T17:16:29.364740+00:00,0.0,0.0,8,7,87.5,127,7
2026-06-11T17:16:32.751190+00:00,0.0,0.0,8,5,62.5,128,5
2026-06-11T17:16:36.214014+00:00,0.0,0.0,8,3,37.5,129,3
2026-06-11T17:16:39.567033+00:00,0.0,0.0,8,2,25.0,129,2
2026-06-11T17:16:42.980356+00:00,0.0,0.0,8,4,50.0,130,3
2026-06-11T17:16:46.656729+00:00,0.0,0.0,8,3,37.5,131,2
2026-06-11T17:16:50.039936+00:00,0.0,0.0,8,6,75.0,127,6
2026-06-11T17:16:53.414485+00:00,0.0,0.0,8,6,75.0,129,6
2026-06-11T17:16:56.759876+00:00,0.0,0.0,8,6,75.0,129,6
2026-06-11T17:17:00.130303+00:00,0.0,0.0,8,7,87.5,128,7
2026-06-11T17:17:03.481526+00:00,0.0,0.0,8,7,87.5,130,7
2026-06-11T17:17:06.850246+00:00,0.0,0.0,8,5,62.5,131,5
2026-06-11T17:17:10.268278+00:00,0.0,0.0,8,6,75.0,129,6
2026-06-11T17:17:13.757835+00:00,0.0,0.0,8,6,75.0,131,6
2026-06-11T17:17:17.162484+00:00,0.0,0.0,8,6,75.0,131,6
2026-06-11T17:17:20.527647+00:00,0.0,0.0,8,6,75.0,130,6
2026-06-11T17:17:24.103802+00:00,0.0,0.0,8,6,75.0,132,6
2026-06-11T17:17:27.562598+00:00,0.0,0.0,8,4,50.0,132,4
2026-06-11T17:17:30.937527+00:00,0.0,0.0,8,7,87.5,130,7
2026-06-11T17:17:34.418409+00:00,0.0,0.0,8,6,75.0,131,6
2026-06-11T17:17:37.788063+00:00,0.0,0.0,8,7,87.5,131,7
2026-06-11T17:17:41.176406+00:00,0.0,0.0,8,8,100.0,132,8
2026-06-11T17:17:44.667209+00:00,0.0,0.0,8,7,87.5,133,7
2026-06-11T17:17:48.020990+00:00,0.0,0.0,8,8,100.0,134,8
2026-06-11T17:17:51.408154+00:00,0.0,0.0,8,3,37.5,136,3
2026-06-11T17:17:55.476465+00:00,0.0,0.0,8,1,12.5,138,1
2026-06-11T17:17:58.851485+00:00,0.0,0.0,8,7,87.5,133,7
2026-06-11T17:18:02.274861+00:00,0.0,0.0,8,8,100.0,134,8
2026-06-11T17:18:05.634747+00:00,0.0,0.0,8,8,100.0,136,8
2026-06-11T17:18:08.999195+00:00,0.0,0.0,8,5,62.5,138,5
2026-06-11T17:18:12.430262+00:00,0.0,0.0,8,7,87.5,137,7
2026-06-11T17:18:15.790168+00:00,0.0,0.0,8,8,100.0,138,8
2026-06-11T17:18:19.198075+00:00,0.0,0.0,8,3,37.5,140,3
2026-06-11T17:18:22.697092+00:00,0.0,0.0,8,3,37.5,141,3
2026-06-11T17:18:26.310099+00:00,0.0,0.0,8,5,62.5,138,5
2026-06-11T17:18:29.719623+00:00,0.0,0.0,8,5,62.5,137,5
2026-06-11T17:18:33.143694+00:00,0.0,0.0,8,6,75.0,138,6
2026-06-11T17:18:36.506971+00:00,0.0,0.0,8,8,100.0,137,8
2026-06-11T17:18:39.904379+00:00,0.0,0.0,8,5,62.5,139,5
2026-06-11T17:18:43.324895+00:00,0.0,0.0,8,5,62.5,141,5
2026-06-11T17:18:46.712330+00:00,0.0,0.0,8,4,50.0,139,4
2026-06-11T17:18:50.098720+00:00,0.0,0.0,8,7,87.5,140,4
2026-06-11T17:18:53.510819+00:00,0.0,0.0,8,7,87.5,142,4
2026-06-11T17:18:56.923227+00:00,0.0,0.0,8,2,25.0,142,2
2026-06-11T17:19:00.311180+00:00,0.0,0.0,8,2,25.0,143,2
2026-06-11T17:19:03.750542+00:00,0.0,0.0,8,7,87.5,140,7
2026-06-11T17:19:07.165678+00:00,0.0,0.0,8,6,75.0,141,6
2026-06-11T17:19:10.592012+00:00,0.0,0.0,8,8,100.0,140,8
2026-06-11T17:19:14.571738+00:00,0.0,0.0,8,3,37.5,142,3
2026-06-11T17:19:17.965794+00:00,0.0,0.0,8,6,75.0,139,6
2026-06-11T17:19:21.372633+00:00,0.0,0.0,8,7,87.5,139,7
2026-06-11T17:19:24.901496+00:00,0.0,0.0,8,7,87.5,140,7
2026-06-11T17:19:28.298137+00:00,0.0,0.0,8,4,50.0,141,4
2026-06-11T17:19:31.725324+00:00,0.0,0.0,8,8,100.0,139,8
2026-06-11T17:19:35.302330+00:00,0.0,0.0,8,5,62.5,140,5
2026-06-11T17:19:38.719495+00:00,0.0,0.0,8,7,87.5,139,7
2026-06-11T17:19:42.126874+00:00,0.0,0.0,8,8,100.0,140,8
2026-06-11T17:19:45.630904+00:00,0.0,0.0,8,6,75.0,142,6
2026-06-11T17:19:49.054417+00:00,0.0,0.0,8,7,87.5,141,7
2026-06-11T17:19:52.472529+00:00,0.0,0.0,8,8,100.0,142,8
2026-06-11T17:19:55.941277+00:00,0.0,0.0,8,5,62.5,144,5
2026-06-11T17:19:59.342247+00:00,0.0,0.0,8,5,62.5,143,4
2026-06-11T17:20:02.750155+00:00,0.0,0.0,8,8,100.0,142,7
2026-06-11T17:20:06.408456+00:00,0.0,0.0,8,6,75.0,144,6
2026-06-11T17:20:09.819736+00:00,0.0,0.0,8,4,50.0,144,4
2026-06-11T17:20:13.278409+00:00,0.0,0.0,8,4,50.0,145,4
2026-06-11T17:20:16.817417+00:00,0.0,0.0,8,7,87.5,146,4
2026-06-11T17:20:20.246466+00:00,0.0,0.0,8,3,37.5,147,3
2026-06-11T17:20:23.892349+00:00,0.0,0.0,8,4,50.0,148,4
2026-06-11T17:20:27.392300+00:00,0.0,0.0,8,7,87.5,145,7
2026-06-11T17:20:30.840310+00:00,0.0,0.0,8,4,50.0,146,4
2026-06-11T17:20:34.296058+00:00,0.0,0.0,8,4,50.0,148,4
2026-06-11T17:20:37.716379+00:00,0.0,0.0,8,7,87.5,146,7
2026-06-11T17:20:41.179538+00:00,0.0,0.0,8,5,62.5,146,5
2026-06-11T17:20:44.643945+00:00,0.0,0.0,8,5,62.5,148,5
2026-06-11T17:20:48.065656+00:00,0.0,0.0,8,7,87.5,147,7
2026-06-11T17:20:51.519753+00:00,0.0,0.0,8,6,75.0,147,6
2026-06-11T17:20:54.982182+00:00,0.0,0.0,8,7,87.5,148,7
2026-06-11T17:20:58.432883+00:00,0.0,0.0,8,6,75.0,149,6
2026-06-11T17:21:01.892087+00:00,0.0,0.0,8,7,87.5,149,7
2026-06-11T17:21:05.578273+00:00,0.0,0.0,8,5,62.5,150,5
2026-06-11T17:21:09.042119+00:00,0.0,0.0,8,6,75.0,149,6
2026-06-11T17:21:12.472542+00:00,0.0,0.0,8,7,87.5,149,7
2026-06-11T17:21:15.927249+00:00,0.0,0.0,8,7,87.5,151,7
2026-06-11T17:21:19.403393+00:00,0.0,0.0,8,7,87.5,151,7
2026-06-11T17:21:22.838986+00:00,0.0,0.0,8,7,87.5,152,7
2026-06-11T17:21:26.408179+00:00,0.0,0.0,8,7,87.5,153,7
2026-06-11T17:21:29.841471+00:00,0.0,0.0,8,7,87.5,152,7
2026-06-11T17:21:33.265377+00:00,0.0,0.0,8,6,75.0,151,6
2026-06-11T17:21:36.948893+00:00,0.0,0.0,8,5,62.5,151,5
2026-06-11T17:21:40.385837+00:00,0.0,0.0,8,6,75.0,148,6
2026-06-11T17:21:43.886926+00:00,0.0,0.0,8,7,87.5,146,7
2026-06-11T17:21:47.371464+00:00,0.0,0.0,8,4,50.0,146,4
2026-06-11T17:21:50.824170+00:00,0.0,0.0,8,7,87.5,145,4
2026-06-11T17:21:54.286080+00:00,0.0,0.0,8,8,100.0,144,5
2026-06-11T17:21:57.737602+00:00,0.0,0.0,8,4,50.0,144,4
2026-06-11T17:22:01.224251+00:00,0.0,0.0,8,8,100.0,143,5
2026-06-11T17:22:04.670036+00:00,0.0,0.0,8,7,87.5,143,4
2026-06-11T17:22:08.220985+00:00,0.0,0.0,8,3,37.5,143,3
2026-06-11T17:22:11.694368+00:00,0.0,0.0,8,8,100.0,141,5
2026-06-11T17:22:15.132354+00:00,0.0,0.0,8,7,87.5,141,4
2026-06-11T17:22:18.769863+00:00,0.0,0.0,8,3,37.5,140,3
2026-06-11T17:22:22.204025+00:00,0.0,0.0,8,4,50.0,138,4
2026-06-11T17:22:25.627169+00:00,0.0,0.0,8,4,50.0,138,4
2026-06-11T17:22:29.120685+00:00,0.0,0.0,8,4,50.0,137,4
2026-06-11T17:22:32.541822+00:00,0.0,0.0,8,4,50.0,136,4
2026-06-11T17:22:36.012926+00:00,0.0,0.0,8,4,50.0,136,4
2026-06-11T17:22:39.428515+00:00,0.0,0.0,8,4,50.0,135,4
2026-06-11T17:22:42.855297+00:00,0.0,0.0,8,8,100.0,134,5
2026-06-11T17:22:46.310539+00:00,0.0,0.0,8,8,100.0,134,5
2026-06-11T17:22:49.732371+00:00,0.0,0.0,8,7,87.5,134,4
2026-06-11T17:22:53.230715+00:00,0.0,0.0,8,8,100.0,133,5
2026-06-11T17:22:56.639463+00:00,0.0,0.0,8,8,100.0,133,5
2026-06-11T17:23:00.074562+00:00,0.0,0.0,8,8,100.0,133,5
2026-06-11T17:23:03.528040+00:00,0.0,0.0,8,4,50.0,132,4
2026-06-11T17:23:06.973354+00:00,0.0,0.0,8,4,50.0,132,4
2026-06-11T17:23:10.463266+00:00,0.0,0.0,8,4,50.0,131,4
2026-06-11T17:23:13.896071+00:00,0.0,0.0,8,8,100.0,130,5
2026-06-11T17:23:17.556891+00:00,0.0,0.0,8,7,87.5,130,4
2026-06-11T17:23:21.037112+00:00,0.0,0.0,8,8,100.0,129,5
2026-06-11T17:23:24.503818+00:00,0.0,0.0,8,8,100.0,129,5
2026-06-11T17:23:27.927412+00:00,0.0,0.0,8,7,87.5,129,4
2026-06-11T17:23:31.397901+00:00,0.0,0.0,8,8,100.0,128,5
2026-06-11T17:23:34.820868+00:00,0.0,0.0,8,8,100.0,128,5
2026-06-11T17:23:38.304574+00:00,0.0,0.0,8,8,100.0,128,5
2026-06-11T17:23:41.732117+00:00,0.0,0.0,8,4,50.0,128,4
2026-06-11T17:23:45.180220+00:00,0.0,0.0,8,4,50.0,128,4
2026-06-11T17:23:48.644642+00:00,0.0,0.0,8,8,100.0,127,5
2026-06-11T17:23:52.080154+00:00,0.0,0.0,8,8,100.0,127,5
2026-06-11T17:23:55.555537+00:00,0.0,0.0,8,8,100.0,127,5
2026-06-11T17:23:58.975843+00:00,0.0,0.0,8,7,87.5,127,4
2026-06-11T17:24:02.439527+00:00,0.0,0.0,8,8,100.0,126,5
2026-06-11T17:24:05.889355+00:00,0.0,0.0,8,8,100.0,126,5
2026-06-11T17:24:09.320443+00:00,0.0,0.0,8,7,87.5,126,4
2026-06-11T17:24:12.788976+00:00,0.0,0.0,8,8,100.0,125,5
2026-06-11T17:24:16.222796+00:00,0.0,0.0,8,8,100.0,125,5
2026-06-11T17:24:19.686600+00:00,0.0,0.0,8,4,50.0,125,4
2026-06-11T17:24:23.155347+00:00,0.0,0.0,8,8,100.0,124,5
2026-06-11T17:24:26.625956+00:00,0.0,0.0,8,7,87.5,124,4
2026-06-11T17:24:30.084646+00:00,0.0,0.0,8,8,100.0,123,5
2026-06-11T17:24:33.528647+00:00,0.0,0.0,8,8,100.0,123,5
2026-06-11T17:24:37.011257+00:00,0.0,0.0,8,7,87.5,123,4
2026-06-11T17:24:40.491266+00:00,0.0,0.0,8,8,100.0,122,5
2026-06-11T17:24:43.906481+00:00,0.0,0.0,8,8,100.0,122,5
2026-06-11T17:24:47.359635+00:00,0.0,0.0,8,8,100.0,122,5
2026-06-11T17:24:50.777631+00:00,0.0,0.0,8,8,100.0,122,5
2026-06-11T17:24:54.202262+00:00,0.0,0.0,8,4,50.0,122,4
2026-06-11T17:24:57.771406+00:00,0.0,0.0,8,4,50.0,122,4
2026-06-11T17:25:01.213952+00:00,0.0,0.0,8,8,100.0,121,5
2026-06-11T17:25:04.694782+00:00,0.0,0.0,8,8,100.0,121,5
2026-06-11T17:25:08.111452+00:00,0.0,0.0,8,8,100.0,121,5
2026-06-11T17:25:11.558118+00:00,0.0,0.0,8,8,100.0,121,5
2026-06-11T17:25:15.022988+00:00,0.0,0.0,8,7,87.5,121,4
2026-06-11T17:25:18.453463+00:00,0.0,0.0,8,8,100.0,120,5
2026-06-11T17:25:21.909058+00:00,0.0,0.0,8,8,100.0,120,5
2026-06-11T17:25:25.348661+00:00,0.0,0.0,8,7,87.5,120,4
2026-06-11T17:25:28.795744+00:00,0.0,0.0,8,8,100.0,119,5
2026-06-11T17:25:32.279172+00:00,0.0,0.0,8,8,100.0,119,5
2026-06-11T17:25:35.735232+00:00,0.0,0.0,8,8,100.0,119,5
2026-06-11T17:25:39.213157+00:00,0.0,0.0,8,7,87.5,119,4
2026-06-11T17:25:42.688214+00:00,0.0,0.0,8,8,100.0,118,5
2026-06-11T17:25:46.109783+00:00,0.0,0.0,8,4,50.0,118,4
2026-06-11T17:25:49.610690+00:00,0.0,0.0,8,3,37.5,118,3
2026-06-11T17:25:53.050603+00:00,0.0,0.0,8,4,50.0,117,4
2026-06-11T17:25:56.872358+00:00,0.0,0.0,8,4,50.0,116,4
2026-06-11T17:26:00.311697+00:00,0.0,0.0,8,8,100.0,112,8
2026-06-11T17:26:03.751183+00:00,0.0,0.0,8,8,100.0,112,8
2026-06-11T17:26:07.230500+00:00,0.0,0.0,8,8,100.0,112,8
2026-06-11T17:26:10.714572+00:00,0.0,0.0,8,8,100.0,112,8
2026-06-11T17:26:14.208385+00:00,0.0,0.0,8,8,100.0,112,8
2026-06-11T17:26:17.647030+00:00,0.0,0.0,8,8,100.0,112,8
2026-06-11T17:26:21.107481+00:00,0.0,0.0,8,8,100.0,112,8
2026-06-11T17:26:24.575810+00:00,0.0,0.0,8,8,100.0,112,8
2026-06-11T17:26:28.021882+00:00,0.0,0.0,8,8,100.0,112,8
2026-06-11T17:26:31.487465+00:00,0.0,0.0,8,8,100.0,112,8
2026-06-11T17:26:34.949340+00:00,0.0,0.0,8,8,100.0,111,8
2026-06-11T17:26:38.384166+00:00,0.0,0.0,8,8,100.0,111,8
2026-06-11T17:26:41.848917+00:00,0.0,0.0,8,7,87.5,111,7
2026-06-11T17:26:45.283552+00:00,0.0,0.0,8,7,87.5,111,7
2026-06-11T17:26:48.748013+00:00,0.0,0.0,8,7,87.5,110,7
2026-06-11T17:26:52.196713+00:00,0.0,0.0,8,7,87.5,109,7
2026-06-11T17:26:55.635061+00:00,0.0,0.0,8,7,87.5,109,7
2026-06-11T17:26:59.154587+00:00,0.0,0.0,8,8,100.0,108,8
2026-06-11T17:27:02.582904+00:00,0.0,0.0,8,8,100.0,108,8
2026-06-11T17:27:06.153103+00:00,0.0,0.0,8,7,87.5,108,7
2026-06-11T17:27:09.595055+00:00,0.0,0.0,8,8,100.0,107,8
2026-06-11T17:27:13.029986+00:00,0.0,0.0,8,8,100.0,107,8
2026-06-11T17:27:16.510719+00:00,0.0,0.0,8,7,87.5,107,7
2026-06-11T17:27:19.955079+00:00,0.0,0.0,8,6,75.0,106,6
2026-06-11T17:27:23.458304+00:00,0.0,0.0,8,5,62.5,106,5
2026-06-11T17:27:27.296609+00:00,0.0,0.0,8,3,37.5,103,3
2026-06-11T17:27:30.760970+00:00,0.0,0.0,8,4,50.0,98,4
2026-06-11T17:27:34.280389+00:00,0.0,0.0,8,4,50.0,98,4
2026-06-11T17:27:37.851815+00:00,0.0,0.0,8,6,75.0,94,6
2026-06-11T17:27:41.329169+00:00,0.0,0.0,8,6,75.0,92,6
2026-06-11T17:27:44.775289+00:00,0.0,0.0,8,7,87.5,91,7
2026-06-11T17:27:48.268200+00:00,0.0,0.0,8,7,87.5,90,7
2026-06-11T17:27:51.736534+00:00,0.0,0.0,8,7,87.5,89,7
2026-06-11T17:27:55.196735+00:00,0.0,0.0,8,7,87.5,89,7
2026-06-11T17:27:58.661880+00:00,0.0,0.0,8,7,87.5,88,7
2026-06-11T17:28:02.122798+00:00,0.0,0.0,8,7,87.5,87,7
2026-06-11T17:28:05.560245+00:00,0.0,0.0,8,7,87.5,87,7
2026-06-11T17:28:09.264872+00:00,0.0,0.0,8,6,75.0,86,6
2026-06-11T17:28:12.710586+00:00,0.0,0.0,8,6,75.0,84,6
2026-06-11T17:28:16.249881+00:00,0.0,0.0,8,6,75.0,84,6
2026-06-11T17:28:20.194699+00:00,0.0,0.0,8,6,75.0,82,6
2026-06-11T17:28:23.669560+00:00,0.0,0.0,8,6,75.0,80,6
2026-06-11T17:28:27.148112+00:00,0.0,0.0,8,6,75.0,80,6
2026-06-11T17:28:30.645178+00:00,0.0,0.0,8,6,75.0,78,6
2026-06-11T17:28:34.127181+00:00,0.0,0.0,8,6,75.0,76,6
2026-06-11T17:28:37.568522+00:00,0.0,0.0,8,6,75.0,76,6
2026-06-11T17:28:41.240718+00:00,0.0,0.0,8,6,75.0,74,6
2026-06-11T17:28:44.719021+00:00,0.0,0.0,8,5,62.5,72,5
2026-06-11T17:28:48.177384+00:00,0.0,0.0,8,6,75.0,71,6
2026-06-11T17:28:51.757124+00:00,0.0,0.0,8,6,75.0,69,6
2026-06-11T17:28:55.273149+00:00,0.0,0.0,8,7,87.5,67,7
2026-06-11T17:28:58.747354+00:00,0.0,0.0,8,7,87.5,67,7
2026-06-11T17:29:02.217022+00:00,0.0,0.0,8,7,87.5,66,7
2026-06-11T17:29:05.659641+00:00,0.0,0.0,8,7,87.5,65,7
2026-06-11T17:29:09.163673+00:00,0.0,0.0,8,7,87.5,65,7
2026-06-11T17:29:12.593678+00:00,0.0,0.0,8,7,87.5,64,7
2026-06-11T17:29:16.102947+00:00,0.0,0.0,8,6,75.0,64,6
2026-06-11T17:29:19.575312+00:00,0.0,0.0,8,6,75.0,63,6
2026-06-11T17:29:23.018977+00:00,0.0,0.0,8,6,75.0,61,6
2026-06-11T17:29:26.535044+00:00,0.0,0.0,8,4,50.0,59,4
2026-06-11T17:29:30.337394+00:00,0.0,0.0,8,4,50.0,59,4
2026-06-11T17:29:33.837636+00:00,0.0,0.0,8,4,50.0,55,4
2026-06-11T17:29:37.306158+00:00,0.0,0.0,8,4,50.0,55,4
2026-06-11T17:29:41.103195+00:00,0.0,0.0,8,3,37.5,51,3
2026-06-11T17:29:44.614937+00:00,0.0,0.0,8,3,37.5,47,3
2026-06-11T17:29:48.077243+00:00,0.0,0.0,8,5,62.5,45,5
2026-06-11T17:29:51.742165+00:00,0.0,0.0,8,5,62.5,42,5
2026-06-11T17:29:55.217466+00:00,0.0,0.0,8,5,62.5,39,5
2026-06-11T17:29:58.701851+00:00,0.0,0.0,8,5,62.5,39,5
2026-06-11T17:30:02.438450+00:00,0.0,0.0,8,5,62.5,36,5
2026-06-11T17:30:05.935825+00:00,0.0,0.0,8,5,62.5,33,5
2026-06-11T17:30:09.430777+00:00,0.0,0.0,8,6,75.0,32,6
2026-06-11T17:30:13.059861+00:00,0.0,0.0,8,6,75.0,30,6
2026-06-11T17:30:16.547329+00:00,0.0,0.0,8,8,100.0,28,8
2026-06-11T17:30:20.020675+00:00,0.0,0.0,8,8,100.0,28,8
2026-06-11T17:30:23.466386+00:00,0.0,0.0,8,8,100.0,28,8
2026-06-11T17:30:26.989339+00:00,0.0,0.0,8,8,100.0,28,8
2026-06-11T17:30:30.455764+00:00,0.0,0.0,8,8,100.0,28,8
2026-06-11T17:30:33.970286+00:00,0.0,0.0,8,8,100.0,28,8
2026-06-11T17:30:37.428002+00:00,0.0,0.0,8,8,100.0,28,8
2026-06-11T17:30:40.898623+00:00,0.0,0.0,8,7,87.5,28,7
2026-06-11T17:30:44.473883+00:00,0.0,0.0,8,7,87.5,28,7
2026-06-11T17:30:47.915344+00:00,0.0,0.0,8,8,100.0,27,8
2026-06-11T17:30:51.400007+00:00,0.0,0.0,8,8,100.0,27,8
2026-06-11T17:30:54.845361+00:00,0.0,0.0,8,7,87.5,27,7
2026-06-11T17:30:58.343234+00:00,0.0,0.0,8,7,87.5,27,7
2026-06-11T17:31:01.811589+00:00,0.0,0.0,8,8,100.0,26,8
2026-06-11T17:31:05.372847+00:00,0.0,0.0,8,7,87.5,26,7
2026-06-11T17:31:08.859298+00:00,0.0,0.0,8,8,100.0,25,8
2026-06-11T17:31:12.331816+00:00,0.0,0.0,8,8,100.0,25,8
2026-06-11T17:31:15.814143+00:00,0.0,0.0,8,8,100.0,25,8
2026-06-11T17:31:19.299152+00:00,0.0,0.0,8,8,100.0,25,8
2026-06-11T17:31:22.742231+00:00,0.0,0.0,8,8,100.0,25,8
2026-06-11T17:31:26.268313+00:00,0.0,0.0,8,8,100.0,25,8
2026-06-11T17:31:29.708606+00:00,0.0,0.0,8,8,100.0,25,8
2026-06-11T17:31:33.193891+00:00,0.0,0.0,8,8,100.0,25,8
2026-06-11T17:31:36.640464+00:00,0.0,0.0,8,8,100.0,25,8
2026-06-11T17:31:40.090399+00:00,0.0,0.0,8,8,100.0,25,8
2026-06-11T17:31:43.560321+00:00,0.0,0.0,8,8,100.0,25,8
2026-06-11T17:31:47.005714+00:00,0.0,0.0,8,8,100.0,25,8
2026-06-11T17:31:50.490850+00:00,0.0,0.0,8,8,100.0,25,8
2026-06-11T17:31:53.953828+00:00,0.0,0.0,8,8,100.0,25,8
2026-06-11T17:31:57.494876+00:00,0.0,0.0,8,8,100.0,25,8
2026-06-11T17:32:00.940110+00:00,0.0,0.0,8,8,100.0,25,8
2026-06-11T17:32:04.425121+00:00,0.0,0.0,8,8,100.0,25,8
2026-06-11T17:32:07.935930+00:00,0.0,0.0,8,8,100.0,25,8
2026-06-11T17:32:11.429488+00:00,0.0,0.0,8,7,87.5,25,7
2026-06-11T17:32:14.940047+00:00,0.0,0.0,8,6,75.0,25,6
2026-06-11T17:32:18.455319+00:00,0.0,0.0,8,6,75.0,25,6
2026-06-11T17:32:22.100556+00:00,0.0,0.0,8,6,75.0,25,6
2026-06-11T17:32:25.614998+00:00,0.0,0.0,8,6,75.0,25,6
2026-06-11T17:32:29.061262+00:00,0.0,0.0,8,6,75.0,25,6
2026-06-11T17:32:32.579200+00:00,0.0,0.0,8,6,75.0,25,6
2026-06-11T17:32:36.031537+00:00,0.0,0.0,8,6,75.0,25,6
2026-06-11T17:32:39.541723+00:00,0.0,0.0,8,6,75.0,25,6
2026-06-11T17:32:42.982034+00:00,0.0,0.0,8,6,75.0,25,6
2026-06-11T17:32:46.476028+00:00,0.0,0.0,8,6,75.0,25,6
2026-06-11T17:32:49.980795+00:00,0.0,0.0,8,5,62.5,25,5
2026-06-11T17:32:53.465270+00:00,0.0,0.0,8,5,62.5,25,5
2026-06-11T17:32:56.948168+00:00,0.0,0.0,8,5,62.5,25,5
2026-06-11T17:33:00.430007+00:00,0.0,0.0,8,5,62.5,25,5
2026-06-11T17:33:03.873742+00:00,0.0,0.0,8,5,62.5,25,5
2026-06-11T17:33:07.346543+00:00,0.0,0.0,8,5,62.5,25,5
2026-06-11T17:33:10.856568+00:00,0.0,0.0,8,5,62.5,25,5
2026-06-11T17:33:14.346269+00:00,0.0,0.0,8,5,62.5,25,5
2026-06-11T17:33:17.818167+00:00,0.0,0.0,8,5,62.5,25,5
2026-06-11T17:33:21.285285+00:00,0.0,0.0,8,4,50.0,25,4
2026-06-11T17:33:24.762450+00:00,0.0,0.0,8,4,50.0,25,4
2026-06-11T17:33:28.208300+00:00,0.0,0.0,8,4,50.0,25,4
2026-06-11T17:33:31.733253+00:00,0.0,0.0,8,4,50.0,25,4
2026-06-11T17:33:35.193374+00:00,0.0,0.0,8,4,50.0,25,4
2026-06-11T17:33:38.704694+00:00,0.0,0.0,8,4,50.0,25,4
2026-06-11T17:33:42.154750+00:00,0.0,0.0,8,3,37.5,25,3
2026-06-11T17:33:45.614066+00:00,0.0,0.0,8,3,37.5,25,3
2026-06-11T17:33:49.100012+00:00,0.0,0.0,8,3,37.5,25,3
2026-06-11T17:33:52.588501+00:00,0.0,0.0,8,3,37.5,25,3
2026-06-11T17:33:56.066670+00:00,0.0,0.0,8,3,37.5,25,3
2026-06-11T17:33:59.540874+00:00,0.0,0.0,8,3,37.5,25,3
2026-06-11T17:34:02.994085+00:00,0.0,0.0,8,3,37.5,25,3
2026-06-11T17:34:06.552629+00:00,0.0,0.0,8,3,37.5,25,3
2026-06-11T17:34:10.011285+00:00,0.0,0.0,8,3,37.5,25,3
2026-06-11T17:34:13.506045+00:00,0.0,0.0,8,3,37.5,25,3
2026-06-11T17:34:16.983445+00:00,0.0,0.0,8,3,37.5,25,3
2026-06-11T17:34:20.448707+00:00,0.0,0.0,8,3,37.5,25,3
2026-06-11T17:34:23.918141+00:00,0.0,0.0,8,3,37.5,25,3
2026-06-11T17:34:27.448349+00:00,0.0,0.0,8,3,37.5,25,3
2026-06-11T17:34:30.952951+00:00,0.0,0.0,8,3,37.5,25,3
2026-06-11T17:34:34.420300+00:00,0.0,0.0,8,2,25.0,25,2
2026-06-11T17:34:37.936378+00:00,0.0,0.0,8,2,25.0,25,2
2026-06-11T17:34:41.404472+00:00,0.0,0.0,8,2,25.0,25,2
2026-06-11T17:34:44.848478+00:00,0.0,0.0,8,2,25.0,25,2
2026-06-11T17:34:48.325319+00:00,0.0,0.0,8,2,25.0,25,2
2026-06-11T17:34:51.801210+00:00,0.0,0.0,8,2,25.0,25,2
2026-06-11T17:34:55.320664+00:00,0.0,0.0,8,1,12.5,25,1
2026-06-11T17:34:58.779400+00:00,0.0,0.0,8,1,12.5,25,1
2026-06-11T17:35:02.234593+00:00,0.0,0.0,8,1,12.5,25,1
2026-06-11T17:35:05.830305+00:00,0.0,0.0,8,0,0.0,25,0
2026-06-11T17:35:09.286377+00:00,0.0,0.0,8,8,100.0,24,1
2026-06-11T17:35:12.804231+00:00,0.0,0.0,8,0,0.0,24,0
2026-06-11T17:35:16.353890+00:00,0.0,0.0,8,0,0.0,24,0
2026-06-11T17:35:19.882536+00:00,0.0,0.0,8,8,100.0,23,1
2026-06-11T17:35:23.340714+00:00,0.0,0.0,8,8,100.0,23,1
2026-06-11T17:35:26.901289+00:00,0.0,0.0,8,0,0.0,23,0
2026-06-11T17:35:30.390434+00:00,0.0,0.0,8,8,100.0,22,1
2026-06-11T17:35:33.865074+00:00,0.0,0.0,8,8,100.0,22,1
2026-06-11T17:35:37.425039+00:00,0.0,0.0,8,0,0.0,22,0
2026-06-11T17:35:40.899875+00:00,0.0,0.0,8,8,100.0,21,1
2026-06-11T17:35:44.373011+00:00,0.0,0.0,8,8,100.0,21,1
2026-06-11T17:35:47.868276+00:00,0.0,0.0,8,0,0.0,21,0
2026-06-11T17:35:51.334282+00:00,0.0,0.0,8,8,100.0,20,1
2026-06-11T17:35:54.823178+00:00,0.0,0.0,8,8,100.0,20,1
2026-06-11T17:35:58.265091+00:00,0.0,0.0,8,0,0.0,20,0
2026-06-11T17:36:01.722857+00:00,0.0,0.0,8,8,100.0,19,1
2026-06-11T17:36:05.215030+00:00,0.0,0.0,8,8,100.0,19,1
2026-06-11T17:36:08.685627+00:00,0.0,0.0,8,0,0.0,19,0
2026-06-11T17:36:12.237274+00:00,0.0,0.0,8,8,100.0,18,1
2026-06-11T17:36:15.681211+00:00,0.0,0.0,8,8,100.0,18,1
2026-06-11T17:36:19.200729+00:00,0.0,0.0,8,0,0.0,18,0
2026-06-11T17:36:22.660424+00:00,0.0,0.0,8,8,100.0,17,1
2026-06-11T17:36:26.165106+00:00,0.0,0.0,8,8,100.0,17,1
2026-06-11T17:36:29.653804+00:00,0.0,0.0,8,0,0.0,17,0
2026-06-11T17:36:33.140219+00:00,0.0,0.0,8,8,100.0,16,1
2026-06-11T17:36:36.634900+00:00,0.0,0.0,8,8,100.0,16,1
2026-06-11T17:36:40.167362+00:00,0.0,0.0,8,0,0.0,16,0
2026-06-11T17:36:43.618441+00:00,0.0,0.0,8,8,100.0,15,1
2026-06-11T17:36:47.100417+00:00,0.0,0.0,8,8,100.0,15,1
2026-06-11T17:36:50.566243+00:00,0.0,0.0,8,0,0.0,15,0
2026-06-11T17:36:54.061558+00:00,0.0,0.0,8,8,100.0,14,1
2026-06-11T17:36:57.541518+00:00,0.0,0.0,8,8,100.0,14,1
2026-06-11T17:37:01.048541+00:00,0.0,0.0,8,0,0.0,14,0
2026-06-11T17:37:04.522022+00:00,0.0,0.0,8,8,100.0,13,1
2026-06-11T17:37:07.970906+00:00,0.0,0.0,8,8,100.0,13,1
2026-06-11T17:37:11.481000+00:00,0.0,0.0,8,8,100.0,13,1
2026-06-11T17:37:14.936316+00:00,0.0,0.0,8,8,100.0,13,1
2026-06-11T17:37:18.460371+00:00,0.0,0.0,8,0,0.0,13,0
2026-06-11T17:37:21.917492+00:00,0.0,0.0,8,0,0.0,12,0
2026-06-11T17:37:25.415460+00:00,0.0,0.0,8,0,0.0,12,0
2026-06-11T17:37:28.936826+00:00,0.0,0.0,8,8,100.0,11,1
2026-06-11T17:37:32.445892+00:00,0.0,0.0,8,8,100.0,11,1
2026-06-11T17:37:35.943853+00:00,0.0,0.0,8,8,100.0,11,1
2026-06-11T17:37:39.425091+00:00,0.0,0.0,8,8,100.0,11,1
2026-06-11T17:37:42.873406+00:00,0.0,0.0,8,0,0.0,11,0
2026-06-11T17:37:46.362234+00:00,0.0,0.0,8,0,0.0,11,0
2026-06-11T17:37:49.816371+00:00,0.0,0.0,8,8,100.0,10,1
2026-06-11T17:37:53.325846+00:00,0.0,0.0,8,8,100.0,10,1
2026-06-11T17:37:56.797916+00:00,0.0,0.0,8,8,100.0,10,1
2026-06-11T17:38:00.309106+00:00,0.0,0.0,8,8,100.0,10,1
2026-06-11T17:38:03.774782+00:00,0.0,0.0,8,8,100.0,10,1
2026-06-11T17:38:07.239200+00:00,0.0,0.0,8,8,100.0,10,1
2026-06-11T17:38:10.741397+00:00,0.0,0.0,8,0,0.0,10,0
2026-06-11T17:38:14.259393+00:00,0.0,0.0,8,8,100.0,9,1
2026-06-11T17:38:17.765222+00:00,0.0,0.0,8,8,100.0,9,1
2026-06-11T17:38:21.231560+00:00,0.0,0.0,8,8,100.0,9,1
2026-06-11T17:38:24.712070+00:00,0.0,0.0,8,8,100.0,9,1
2026-06-11T17:38:28.186602+00:00,0.0,0.0,8,8,100.0,9,1
2026-06-11T17:38:31.659269+00:00,0.0,0.0,8,8,100.0,9,1
2026-06-11T17:38:35.152938+00:00,0.0,0.0,8,0,0.0,9,0
2026-06-11T17:38:38.698328+00:00,0.0,0.0,8,0,0.0,9,0
2026-06-11T17:38:42.197288+00:00,0.0,0.0,8,8,100.0,8,1
2026-06-11T17:38:45.676361+00:00,0.0,0.0,8,8,100.0,8,1
2026-06-11T17:38:49.140434+00:00,0.0,0.0,8,8,100.0,8,1
2026-06-11T17:38:52.672344+00:00,0.0,0.0,8,8,100.0,8,1
2026-06-11T17:38:56.120285+00:00,0.0,0.0,8,8,100.0,8,1
2026-06-11T17:38:59.615669+00:00,0.0,0.0,8,8,100.0,8,1
2026-06-11T17:39:03.068087+00:00,0.0,0.0,8,0,0.0,8,0
2026-06-11T17:39:06.541465+00:00,0.0,0.0,8,8,100.0,7,1
2026-06-11T17:39:10.029637+00:00,0.0,0.0,8,8,100.0,7,1
2026-06-11T17:39:13.488791+00:00,0.0,0.0,8,8,100.0,7,1
2026-06-11T17:39:17.007495+00:00,0.0,0.0,8,8,100.0,7,1
2026-06-11T17:39:20.461620+00:00,0.0,0.0,8,8,100.0,7,1
2026-06-11T17:39:23.918274+00:00,0.0,0.0,8,8,100.0,7,1
2026-06-11T17:39:27.428049+00:00,0.0,0.0,8,8,100.0,7,1
2026-06-11T17:39:30.903802+00:00,0.0,0.0,8,0,0.0,7,0
2026-06-11T17:39:34.398581+00:00,0.0,0.0,8,8,100.0,6,1
2026-06-11T17:39:37.877394+00:00,0.0,0.0,8,8,100.0,6,1
2026-06-11T17:39:41.376885+00:00,0.0,0.0,8,8,100.0,6,1
2026-06-11T17:39:44.855472+00:00,0.0,0.0,8,8,100.0,6,1
2026-06-11T17:39:48.316852+00:00,0.0,0.0,8,8,100.0,6,1
2026-06-11T17:39:51.825960+00:00,0.0,0.0,8,8,100.0,6,1
2026-06-11T17:39:55.307403+00:00,0.0,0.0,8,8,100.0,6,1
2026-06-11T17:39:58.821222+00:00,0.0,0.0,8,8,100.0,6,1
2026-06-11T17:40:02.285370+00:00,0.0,0.0,8,8,100.0,6,1
2026-06-11T17:40:05.764429+00:00,0.0,0.0,8,8,100.0,6,1
2026-06-11T17:40:09.263881+00:00,0.0,0.0,8,8,100.0,6,1
2026-06-11T17:40:12.730533+00:00,0.0,0.0,8,8,100.0,6,1
2026-06-11T17:40:16.210836+00:00,0.0,0.0,8,8,100.0,6,1
2026-06-11T17:40:19.659406+00:00,0.0,0.0,8,8,100.0,6,1
2026-06-11T17:40:23.150723+00:00,0.0,0.0,8,8,100.0,6,1
2026-06-11T17:40:26.622388+00:00,0.0,0.0,8,0,0.0,6,0
2026-06-11T17:40:30.077150+00:00,0.0,0.0,8,8,100.0,5,1
2026-06-11T17:40:33.573234+00:00,0.0,0.0,8,8,100.0,5,1
2026-06-11T17:40:37.034159+00:00,0.0,0.0,8,8,100.0,5,1
2026-06-11T17:40:40.556965+00:00,0.0,0.0,8,8,100.0,5,1
2026-06-11T17:40:44.043296+00:00,0.0,0.0,8,8,100.0,5,1
2026-06-11T17:40:47.499822+00:00,0.0,0.0,8,8,100.0,5,1
2026-06-11T17:40:51.036667+00:00,0.0,0.0,8,8,100.0,5,1
2026-06-11T17:40:54.536567+00:00,0.0,0.0,8,8,100.0,5,1
2026-06-11T17:40:58.058644+00:00,0.0,0.0,8,8,100.0,5,1
2026-06-11T17:41:01.514062+00:00,0.0,0.0,8,8,100.0,5,1
2026-06-11T17:41:04.995326+00:00,0.0,0.0,8,8,100.0,5,1
2026-06-11T17:41:08.476648+00:00,0.0,0.0,8,8,100.0,5,1
2026-06-11T17:41:11.965799+00:00,0.0,0.0,8,8,100.0,5,1
2026-06-11T17:41:15.451087+00:00,0.0,0.0,8,8,100.0,5,1
2026-06-11T17:41:18.933173+00:00,0.0,0.0,8,8,100.0,5,1
2026-06-11T17:41:22.417497+00:00,0.0,0.0,8,8,100.0,5,1
2026-06-11T17:41:25.897879+00:00,0.0,0.0,8,8,100.0,5,1
2026-06-11T17:41:29.371138+00:00,0.0,0.0,8,8,100.0,5,1
2026-06-11T17:41:32.853308+00:00,0.0,0.0,8,8,100.0,5,1
2026-06-11T17:41:36.308019+00:00,0.0,0.0,8,8,100.0,5,1
2026-06-11T17:41:39.802327+00:00,0.0,0.0,8,8,100.0,5,1
2026-06-11T17:41:43.260032+00:00,0.0,0.0,8,8,100.0,5,1
2026-06-11T17:41:46.704487+00:00,0.0,0.0,8,8,100.0,5,1
2026-06-11T17:41:50.193004+00:00,0.0,0.0,8,8,100.0,5,1
2026-06-11T17:41:53.639969+00:00,0.0,0.0,8,8,100.0,5,1
2026-06-11T17:41:57.177021+00:00,0.0,0.0,8,8,100.0,5,1
2026-06-11T17:42:00.657483+00:00,0.0,0.0,8,8,100.0,5,1
2026-06-11T17:42:04.132977+00:00,0.0,0.0,8,8,100.0,5,1
2026-06-11T17:42:07.606699+00:00,0.0,0.0,8,8,100.0,5,1
2026-06-11T17:42:11.153678+00:00,0.0,0.0,8,8,100.0,5,1
2026-06-11T17:42:14.687974+00:00,0.0,0.0,8,8,100.0,5,1
2026-06-11T17:42:18.197611+00:00,0.0,0.0,8,8,100.0,5,1
2026-06-11T17:42:21.705157+00:00,0.0,0.0,8,8,100.0,5,1
2026-06-11T17:42:25.448755+00:00,0.0,0.0,8,8,100.0,5,1
2026-06-11T17:42:28.931772+00:00,0.0,0.0,8,0,0.0,5,0
2026-06-11T17:42:32.454602+00:00,0.0,0.0,8,0,0.0,5,0
2026-06-11T17:42:35.923026+00:00,0.0,0.0,8,8,100.0,4,1
2026-06-11T17:42:39.456311+00:00,0.0,0.0,8,8,100.0,4,1
2026-06-11T17:42:42.914897+00:00,0.0,0.0,8,8,100.0,4,1
2026-06-11T17:42:46.403257+00:00,0.0,0.0,8,8,100.0,4,1
2026-06-11T17:42:49.892146+00:00,0.0,0.0,8,8,100.0,4,1
2026-06-11T17:42:53.385183+00:00,0.0,0.0,8,8,100.0,4,1
2026-06-11T17:42:56.865797+00:00,0.0,0.0,8,8,100.0,4,1
2026-06-11T17:43:00.371671+00:00,0.0,0.0,8,8,100.0,4,1
2026-06-11T17:43:03.863418+00:00,0.0,0.0,8,8,100.0,4,1
2026-06-11T17:43:07.364100+00:00,0.0,0.0,8,8,100.0,4,1
2026-06-11T17:43:10.863569+00:00,0.0,0.0,8,8,100.0,4,1
2026-06-11T17:43:14.385854+00:00,0.0,0.0,8,8,100.0,4,1
2026-06-11T17:43:17.827869+00:00,0.0,0.0,8,8,100.0,4,1
2026-06-11T17:43:21.349794+00:00,0.0,0.0,8,8,100.0,4,1
2026-06-11T17:43:24.811084+00:00,0.0,0.0,8,8,100.0,4,1
2026-06-11T17:43:28.257378+00:00,0.0,0.0,8,8,100.0,4,1
2026-06-11T17:43:31.735593+00:00,0.0,0.0,8,8,100.0,4,1
2026-06-11T17:43:35.184627+00:00,0.0,0.0,8,8,100.0,4,1
2026-06-11T17:43:38.678455+00:00,0.0,0.0,8,8,100.0,4,1
2026-06-11T17:43:42.124711+00:00,0.0,0.0,8,8,100.0,4,1
2026-06-11T17:43:45.581067+00:00,0.0,0.0,8,8,100.0,4,1
2026-06-11T17:43:49.089975+00:00,0.0,0.0,8,8,100.0,4,1
2026-06-11T17:43:52.598736+00:00,0.0,0.0,8,8,100.0,4,1
2026-06-11T17:43:56.086522+00:00,0.0,0.0,8,8,100.0,4,1
2026-06-11T17:43:59.569312+00:00,0.0,0.0,8,8,100.0,4,1
2026-06-11T17:44:03.050865+00:00,0.0,0.0,8,8,100.0,4,1
2026-06-11T17:44:06.537161+00:00,0.0,0.0,8,8,100.0,4,1
2026-06-11T17:44:09.987250+00:00,0.0,0.0,8,8,100.0,4,1
2026-06-11T17:44:13.501535+00:00,0.0,0.0,8,8,100.0,4,1
2026-06-11T17:44:16.951092+00:00,0.0,0.0,8,8,100.0,4,1
2026-06-11T17:44:20.442529+00:00,0.0,0.0,8,8,100.0,4,1
2026-06-11T17:44:23.911664+00:00,0.0,0.0,8,8,100.0,4,1
2026-06-11T17:44:27.410525+00:00,0.0,0.0,8,8,100.0,4,1
2026-06-11T17:44:30.897177+00:00,0.0,0.0,8,8,100.0,4,1
2026-06-11T17:44:34.368594+00:00,0.0,0.0,8,8,100.0,4,1
2026-06-11T17:44:37.851104+00:00,0.0,0.0,8,8,100.0,4,1
2026-06-11T17:44:41.308412+00:00,0.0,0.0,8,0,0.0,4,0
2026-06-11T17:44:44.806672+00:00,0.0,0.0,8,0,0.0,4,0
2026-06-11T17:44:48.268684+00:00,0.0,0.0,8,8,100.0,3,1
2026-06-11T17:44:51.726165+00:00,0.0,0.0,8,8,100.0,3,1
2026-06-11T17:44:55.209183+00:00,0.0,0.0,8,8,100.0,3,1
2026-06-11T17:44:58.705734+00:00,0.0,0.0,8,8,100.0,3,1
2026-06-11T17:45:02.188257+00:00,0.0,0.0,8,8,100.0,3,1
2026-06-11T17:45:05.656885+00:00,0.0,0.0,8,8,100.0,3,1
2026-06-11T17:45:09.114248+00:00,0.0,0.0,8,8,100.0,3,1
2026-06-11T17:45:12.636297+00:00,0.0,0.0,8,8,100.0,3,1
2026-06-11T17:45:16.090258+00:00,0.0,0.0,8,8,100.0,3,1
2026-06-11T17:45:19.615222+00:00,0.0,0.0,8,8,100.0,3,1
2026-06-11T17:45:23.081165+00:00,0.0,0.0,8,8,100.0,3,1
2026-06-11T17:45:26.696145+00:00,0.0,0.0,8,8,100.0,3,1
2026-06-11T17:45:30.202276+00:00,0.0,0.0,8,8,100.0,3,1
2026-06-11T17:45:33.706450+00:00,0.0,0.0,8,8,100.0,3,1
2026-06-11T17:45:37.192169+00:00,0.0,0.0,8,8,100.0,3,1
2026-06-11T17:45:40.674679+00:00,0.0,0.0,8,8,100.0,3,1
2026-06-11T17:45:44.167688+00:00,0.0,0.0,8,8,100.0,3,1
2026-06-11T17:45:47.644713+00:00,0.0,0.0,8,8,100.0,3,1
2026-06-11T17:45:51.098420+00:00,0.0,0.0,8,8,100.0,3,1
2026-06-11T17:45:54.579866+00:00,0.0,0.0,8,8,100.0,3,1
2026-06-11T17:45:58.049865+00:00,0.0,0.0,8,8,100.0,3,1
2026-06-11T17:46:01.533080+00:00,0.0,0.0,8,8,100.0,3,1
2026-06-11T17:46:04.979431+00:00,0.0,0.0,8,8,100.0,3,1
2026-06-11T17:46:08.427607+00:00,0.0,0.0,8,8,100.0,3,1
2026-06-11T17:46:11.921582+00:00,0.0,0.0,8,8,100.0,3,1
2026-06-11T17:46:15.372303+00:00,0.0,0.0,8,8,100.0,3,1
2026-06-11T17:46:18.903254+00:00,0.0,0.0,8,8,100.0,3,1
2026-06-11T17:46:22.361468+00:00,0.0,0.0,8,8,100.0,3,1
2026-06-11T17:46:25.899881+00:00,0.0,0.0,8,8,100.0,3,1
2026-06-11T17:46:29.366694+00:00,0.0,0.0,8,8,100.0,3,1
2026-06-11T17:46:32.833614+00:00,0.0,0.0,8,8,100.0,3,1
2026-06-11T17:46:36.310904+00:00,0.0,0.0,8,8,100.0,3,1
2026-06-11T17:46:39.794649+00:00,0.0,0.0,8,8,100.0,3,1
2026-06-11T17:46:43.281218+00:00,0.0,0.0,8,8,100.0,3,1
2026-06-11T17:46:46.763411+00:00,0.0,0.0,8,8,100.0,3,1
2026-06-11T17:46:50.211039+00:00,0.0,0.0,8,8,100.0,3,1
2026-06-11T17:46:53.699070+00:00,0.0,0.0,8,8,100.0,3,1
2026-06-11T17:46:57.158831+00:00,0.0,0.0,8,8,100.0,3,1
2026-06-11T17:47:00.665964+00:00,0.0,0.0,8,0,0.0,3,0
2026-06-11T17:47:04.149424+00:00,0.0,0.0,8,0,0.0,3,0
2026-06-11T17:47:07.618793+00:00,0.0,0.0,8,8,100.0,2,1
2026-06-11T17:47:11.144738+00:00,0.0,0.0,8,8,100.0,2,1
2026-06-11T17:47:14.655917+00:00,0.0,0.0,8,8,100.0,2,1
2026-06-11T17:47:18.142742+00:00,0.0,0.0,8,8,100.0,2,1
2026-06-11T17:47:21.631173+00:00,0.0,0.0,8,8,100.0,2,1
2026-06-11T17:47:25.136889+00:00,0.0,0.0,8,8,100.0,2,1
2026-06-11T17:47:28.605174+00:00,0.0,0.0,8,8,100.0,2,1
2026-06-11T17:47:32.071795+00:00,0.0,0.0,8,8,100.0,2,1
2026-06-11T17:47:35.558917+00:00,0.0,0.0,8,8,100.0,2,1
2026-06-11T17:47:39.036429+00:00,0.0,0.0,8,8,100.0,2,1
2026-06-11T17:47:42.518015+00:00,0.0,0.0,8,8,100.0,2,1
2026-06-11T17:47:46.005665+00:00,0.0,0.0,8,8,100.0,2,1
2026-06-11T17:47:49.479163+00:00,0.0,0.0,8,8,100.0,2,1
2026-06-11T17:47:52.999721+00:00,0.0,0.0,8,8,100.0,2,1
2026-06-11T17:47:56.449453+00:00,0.0,0.0,8,8,100.0,2,1
2026-06-11T17:48:00.003654+00:00,0.0,0.0,8,8,100.0,2,1
2026-06-11T17:48:03.486635+00:00,0.0,0.0,8,8,100.0,2,1
2026-06-11T17:48:06.993312+00:00,0.0,0.0,8,8,100.0,2,1
2026-06-11T17:48:10.439397+00:00,0.0,0.0,8,8,100.0,2,1
2026-06-11T17:48:13.935400+00:00,0.0,0.0,8,8,100.0,2,1
2026-06-11T17:48:17.458666+00:00,0.0,0.0,8,8,100.0,2,1
2026-06-11T17:48:20.935799+00:00,0.0,0.0,8,8,100.0,2,1
2026-06-11T17:48:24.462219+00:00,0.0,0.0,8,8,100.0,2,1
2026-06-11T17:48:27.949965+00:00,0.0,0.0,8,8,100.0,2,1
2026-06-11T17:48:31.406101+00:00,0.0,0.0,8,8,100.0,2,1
2026-06-11T17:48:34.886265+00:00,0.0,0.0,8,8,100.0,2,1
2026-06-11T17:48:38.352280+00:00,0.0,0.0,8,8,100.0,2,1
2026-06-11T17:48:41.832494+00:00,0.0,0.0,8,8,100.0,2,1
2026-06-11T17:48:45.288522+00:00,0.0,0.0,8,8,100.0,2,1
2026-06-11T17:48:48.786321+00:00,0.0,0.0,8,8,100.0,2,1
2026-06-11T17:48:52.230055+00:00,0.0,0.0,8,8,100.0,2,1
2026-06-11T17:48:55.676525+00:00,0.0,0.0,8,8,100.0,2,1
2026-06-11T17:48:59.191751+00:00,0.0,0.0,8,8,100.0,2,1
2026-06-11T17:49:02.659830+00:00,0.0,0.0,8,8,100.0,2,1
2026-06-11T17:49:06.178237+00:00,0.0,0.0,8,8,100.0,2,1
2026-06-11T17:49:09.627850+00:00,0.0,0.0,8,8,100.0,2,1
2026-06-11T17:49:13.119783+00:00,0.0,0.0,8,8,100.0,2,1
2026-06-11T17:49:16.626400+00:00,0.0,0.0,8,8,100.0,2,1
2026-06-11T17:49:20.129388+00:00,0.0,0.0,8,8,100.0,2,1
2026-06-11T17:49:23.615094+00:00,0.0,0.0,8,8,100.0,2,1
2026-06-11T17:49:27.116960+00:00,0.0,0.0,8,8,100.0,2,1
2026-06-11T17:49:30.612236+00:00,0.0,0.0,8,8,100.0,2,1
2026-06-11T17:49:34.088782+00:00,0.0,0.0,8,8,100.0,2,1
2026-06-11T17:49:37.532350+00:00,0.0,0.0,8,8,100.0,2,1
2026-06-11T17:49:41.063301+00:00,0.0,0.0,8,0,0.0,2,0
2026-06-11T17:49:44.532689+00:00,0.0,0.0,8,8,100.0,1,1
2026-06-11T17:49:48.033406+00:00,0.0,0.0,8,8,100.0,1,1
2026-06-11T17:49:51.500019+00:00,0.0,0.0,8,8,100.0,1,1
2026-06-11T17:49:54.947757+00:00,0.0,0.0,8,8,100.0,1,1
2026-06-11T17:49:58.438079+00:00,0.0,0.0,8,8,100.0,1,1
2026-06-11T17:50:01.884773+00:00,0.0,0.0,8,8,100.0,1,1
2026-06-11T17:50:05.371105+00:00,0.0,0.0,8,8,100.0,1,1
2026-06-11T17:50:08.831488+00:00,0.0,0.0,8,8,100.0,1,1
2026-06-11T17:50:12.344326+00:00,0.0,0.0,8,8,100.0,1,1
2026-06-11T17:50:15.790417+00:00,0.0,0.0,8,8,100.0,1,1
2026-06-11T17:50:19.278684+00:00,0.0,0.0,8,8,100.0,1,1
2026-06-11T17:50:22.762197+00:00,0.0,0.0,8,8,100.0,1,1
2026-06-11T17:50:26.262242+00:00,0.0,0.0,8,8,100.0,1,1
2026-06-11T17:50:29.762356+00:00,0.0,0.0,8,8,100.0,1,1
2026-06-11T17:50:33.246953+00:00,0.0,0.0,8,8,100.0,1,1
2026-06-11T17:50:36.736706+00:00,0.0,0.0,8,8,100.0,1,1
2026-06-11T17:50:40.226131+00:00,0.0,0.0,8,8,100.0,1,1
2026-06-11T17:50:43.678049+00:00,0.0,0.0,8,8,100.0,1,1
2026-06-11T17:50:47.198428+00:00,0.0,0.0,8,8,100.0,1,1
2026-06-11T17:50:50.649409+00:00,0.0,0.0,8,8,100.0,1,1
2026-06-11T17:50:54.167743+00:00,0.0,0.0,8,8,100.0,1,1
2026-06-11T17:50:57.642405+00:00,0.0,0.0,8,8,100.0,1,1
2026-06-11T17:51:01.105385+00:00,0.0,0.0,8,8,100.0,1,1
2026-06-11T17:51:04.582178+00:00,0.0,0.0,8,8,100.0,1,1
2026-06-11T17:51:08.045362+00:00,0.0,0.0,8,8,100.0,1,1
2026-06-11T17:51:11.533163+00:00,0.0,0.0,8,8,100.0,1,1
2026-06-11T17:51:14.988793+00:00,0.0,0.0,8,8,100.0,1,1
2026-06-11T17:51:18.478805+00:00,0.0,0.0,8,8,100.0,1,1
2026-06-11T17:51:21.930782+00:00,0.0,0.0,8,8,100.0,1,1
2026-06-11T17:51:25.399029+00:00,0.0,0.0,8,8,100.0,1,1
2026-06-11T17:51:28.884736+00:00,0.0,0.0,8,8,100.0,1,1
2026-06-11T17:51:32.363314+00:00,0.0,0.0,8,8,100.0,1,1
2026-06-11T17:51:35.849145+00:00,0.0,0.0,8,8,100.0,1,1
2026-06-11T17:51:39.346879+00:00,0.0,0.0,8,8,100.0,1,1
2026-06-11T17:51:42.865430+00:00,0.0,0.0,8,8,100.0,1,1
2026-06-11T17:51:46.347627+00:00,0.0,0.0,8,8,100.0,1,1
2026-06-11T17:51:49.821703+00:00,0.0,0.0,8,8,100.0,1,1
2026-06-11T17:51:53.360827+00:00,0.0,0.0,8,8,100.0,1,1
2026-06-11T17:51:56.825625+00:00,0.0,0.0,8,8,100.0,1,1
2026-06-11T17:52:00.352843+00:00,0.0,0.0,8,8,100.0,1,1
2026-06-11T17:52:03.811909+00:00,0.0,0.0,8,8,100.0,1,1
2026-06-11T17:52:07.295250+00:00,0.0,0.0,8,8,100.0,1,1
2026-06-11T17:52:10.819460+00:00,0.0,0.0,8,8,100.0,1,1
2026-06-11T17:52:14.323180+00:00,0.0,0.0,8,8,100.0,1,1
2026-06-11T17:52:17.816373+00:00,0.0,0.0,8,8,100.0,1,1
2026-06-11T17:52:21.301513+00:00,0.0,0.0,8,8,100.0,1,1
2026-06-11T17:52:24.792003+00:00,0.0,0.0,8,8,100.0,1,1
2026-06-11T17:52:28.282420+00:00,0.0,0.0,8,8,100.0,1,1
2026-06-11T17:52:31.752238+00:00,0.0,0.0,8,8,100.0,1,1
2026-06-11T17:52:35.240689+00:00,0.0,0.0,8,8,100.0,1,1
2026-06-11T17:52:38.700825+00:00,0.0,0.0,8,8,100.0,1,1
2026-06-11T17:52:42.218595+00:00,0.0,0.0,8,8,100.0,1,1
2026-06-11T17:52:45.677651+00:00,0.0,0.0,8,8,100.0,1,1
2026-06-11T17:52:49.176579+00:00,0.0,0.0,8,8,100.0,1,1
2026-06-11T17:52:52.649211+00:00,0.0,0.0,8,8,100.0,1,1
2026-06-11T17:52:56.123022+00:00,0.0,0.0,8,8,100.0,1,1
2026-06-11T17:52:59.648131+00:00,0.0,0.0,8,0,0.0,1,0
2026-06-11T17:53:03.162083+00:00,0.0,0.0,8,0,0.0,1,0
2026-06-11T17:53:06.675605+00:00,0.0,0.0,8,8,100.0,0,1
2026-06-11T17:53:10.138188+00:00,0.0,0.0,8,8,100.0,0,1
2026-06-11T17:53:13.620801+00:00,0.0,0.0,8,8,100.0,0,1
2026-06-11T17:53:17.129524+00:00,0.0,0.0,8,8,100.0,0,1
2026-06-11T17:53:20.631950+00:00,0.0,0.0,8,8,100.0,0,1
2026-06-11T17:53:24.115471+00:00,0.0,0.0,8,8,100.0,0,1
2026-06-11T17:53:27.621575+00:00,0.0,0.0,8,8,100.0,0,1
2026-06-11T17:53:31.131594+00:00,0.0,0.0,8,8,100.0,0,1
2026-06-11T17:53:34.614397+00:00,0.0,0.0,8,8,100.0,0,1
2026-06-11T17:53:38.096285+00:00,0.0,0.0,8,8,100.0,0,1
2026-06-11T17:53:41.642151+00:00,0.0,0.0,8,8,100.0,0,1
2026-06-11T17:53:45.101844+00:00,0.0,0.0,8,8,100.0,0,1
2026-06-11T17:53:48.642780+00:00,0.0,0.0,8,8,100.0,0,1
2026-06-11T17:53:52.103992+00:00,0.0,0.0,8,8,100.0,0,1
2026-06-11T17:53:55.655515+00:00,0.0,0.0,8,8,100.0,0,1
2026-06-11T17:53:59.122851+00:00,0.0,0.0,8,8,100.0,0,1
2026-06-11T17:54:02.604839+00:00,0.0,0.0,8,8,100.0,0,1
2026-06-11T17:54:06.091955+00:00,0.0,0.0,8,8,100.0,0,1
2026-06-11T17:54:09.587608+00:00,0.0,0.0,8,8,100.0,0,1
2026-06-11T17:54:13.065992+00:00,0.0,0.0,8,8,100.0,0,1
2026-06-11T17:54:16.537440+00:00,0.0,0.0,8,8,100.0,0,1
2026-06-11T17:54:19.996549+00:00,0.0,0.0,8,8,100.0,0,1
2026-06-11T17:54:23.488408+00:00,0.0,0.0,8,8,100.0,0,1
2026-06-11T17:54:26.992070+00:00,0.0,0.0,8,8,100.0,0,1
2026-06-11T17:54:30.490630+00:00,0.0,0.0,8,8,100.0,0,1
2026-06-11T17:54:33.974242+00:00,0.0,0.0,8,8,100.0,0,1
2026-06-11T17:54:37.460216+00:00,0.0,0.0,8,8,100.0,0,1
2026-06-11T17:54:40.964313+00:00,0.0,0.0,8,8,100.0,0,1
2026-06-11T17:54:44.434170+00:00,0.0,0.0,8,8,100.0,0,1
2026-06-11T17:54:47.953338+00:00,0.0,0.0,8,8,100.0,0,1
2026-06-11T17:54:51.408613+00:00,0.0,0.0,8,8,100.0,0,1
2026-06-11T17:54:54.921333+00:00,0.0,0.0,8,8,100.0,0,1
2026-06-11T17:54:58.392189+00:00,0.0,0.0,8,8,100.0,0,1
2026-06-11T17:55:01.933495+00:00,0.0,0.0,8,8,100.0,0,1
2026-06-11T17:55:05.399556+00:00,0.0,0.0,8,8,100.0,0,1
2026-06-11T17:55:08.898369+00:00,0.0,0.0,8,8,100.0,0,1
2026-06-11T17:55:12.407122+00:00,0.0,0.0,8,8,100.0,0,1
2026-06-11T17:55:15.883768+00:00,0.0,0.0,8,8,100.0,0,1
2026-06-11T17:55:19.373268+00:00,0.0,0.0,8,8,100.0,0,1
2026-06-11T17:55:22.867885+00:00,0.0,0.0,8,8,100.0,0,1
2026-06-11T17:55:26.319274+00:00,0.0,0.0,8,8,100.0,0,1
2026-06-11T17:55:30.043623+00:00,0.0,0.0,8,8,100.0,0,1
2026-06-11T17:55:33.513109+00:00,0.0,0.0,8,8,100.0,0,1
2026-06-11T17:55:37.012689+00:00,0.0,0.0,8,8,100.0,0,1
2026-06-11T17:55:40.480329+00:00,0.0,0.0,8,8,100.0,0,1
2026-06-11T17:55:43.989961+00:00,0.0,0.0,8,8,100.0,0,1
2026-06-11T17:55:47.445323+00:00,0.0,0.0,8,8,100.0,0,1
2026-06-11T17:55:50.908592+00:00,0.0,0.0,8,8,100.0,0,1
2026-06-11T17:55:54.389824+00:00,0.0,0.0,8,8,100.0,0,1
2026-06-11T17:55:57.844868+00:00,0.0,0.0,8,8,100.0,0,1
2026-06-11T17:56:01.364708+00:00,0.0,0.0,8,8,100.0,0,1
2026-06-11T17:56:04.849330+00:00,0.0,0.0,8,8,100.0,0,1
2026-06-11T17:56:08.346461+00:00,0.0,0.0,8,8,100.0,0,1
2026-06-11T17:56:11.818159+00:00,0.0,0.0,8,8,100.0,0,1
2026-06-11T17:56:15.279617+00:00,0.0,0.0,8,8,100.0,0,1
2026-06-11T17:56:18.771874+00:00,0.0,0.0,8,8,100.0,0,1
2026-06-11T17:56:22.244708+00:00,0.0,0.0,8,8,100.0,0,1
2026-06-11T17:56:25.733704+00:00,0.0,0.0,8,8,100.0,0,1
2026-06-11T17:56:29.224245+00:00,0.0,0.0,8,8,100.0,0,1
2026-06-11T17:56:32.679858+00:00,0.0,0.0,8,8,100.0,0,1
2026-06-11T17:56:36.195647+00:00,0.0,0.0,8,8,100.0,0,1
2026-06-11T17:56:39.649886+00:00,0.0,0.0,8,8,100.0,0,1
2026-06-11T17:56:43.195689+00:00,0.0,0.0,8,8,100.0,0,1
2026-06-11T17:56:46.674560+00:00,0.0,0.0,8,8,100.0,0,1
2026-06-11T17:56:50.190867+00:00,0.0,0.0,8,8,100.0,0,1
2026-06-11T17:56:53.663916+00:00,0.0,0.0,8,8,100.0,0,1
2026-06-11T17:56:57.166408+00:00,0.0,0.0,8,8,100.0,0,1
2026-06-11T17:57:00.659872+00:00,0.0,0.0,8,0,0.0,0,0
2026-06-11T17:57:04.161576+00:00,0.0,0.0,8,0,0.0,0,0
